Date,Bitcoin,Tether,Litecoin,Ardor,Ethereum,Lisk,Monero,Dash,Stratis,Waves,Bytecoin,BitShares,NEO,Zcash,NEM,Stellar,Ripple,Equities,Commodities,Gold,REIT
1/01/2017,1,1,1,1,1,1,1,1,1,1,1,1,1,1,1,1,1,1,1,1,1
2/01/2017,1.023459177,1,1.031042129,1.035882816,1.025703794,1.052207365,1.14889048,1.051647373,1.026541214,1.051314375,1.017241379,1.000493949,1.026797611,1.02723334,0.981686047,0.998387747,0.991048995,1,1,1,1
3/01/2017,1.045586129,1,1.026607539,1.025462053,1.190942472,1.058477041,1.151753758,1.138023152,1.042056979,1.084076594,0.931034483,1.025932329,0.98999584,1.03239117,1.038662791,1.02942362,1.002826633,1,1,1,1
4/01/2017,1.156661625,1,1.073170732,1.168010224,1.376988984,1.149819963,1.326413744,1.471059662,1.143855868,1.09032089,1.034482759,1.096073104,0.963994896,1.176604085,1.094767442,1.102378073,1.031721106,1.005722309,1.007782101,1.001592251,1.01527265
5/01/2017,1.015075176,1,0.951219512,1.076976013,1.254589963,1.048633251,1.158911954,1.280498664,1.005954848,1.053157842,0.913793103,1.009878982,0.924062859,1.028264906,1.05755814,1.047158404,0.973775126,1.004947228,1.014267185,1.057324804,1.018545313
6/01/2017,0.903709194,1,0.855875831,0.988104601,1.254589963,0.940464701,1.004294918,1.071237756,0.878347012,0.944894769,0.913793103,0.904667819,0.955097609,0.979162368,0.967732558,1.005239823,0.991677136,1.008481595,1.010376135,1.017515883,1.018181654
7/01/2017,0.910109884,1,0.87804878,1.106861974,1.208078335,0.968798046,0.934860415,1.107747106,0.876509437,0.983092508,0.931034483,0.908372438,0.924302564,0.977511863,1.019767442,0.965739621,0.99968593,1.008481595,1.010376135,1.017515883,1.018181654
8/01/2017,0.912724249,1,0.884700665,1.094081793,1.259485924,1.049851245,0.964209019,1.116651825,0.828898284,0.964843079,0.862068966,0.913558903,0.934913036,0.951310089,0.994476744,0.949214027,0.978800251,1.008481595,1.010376135,1.017515883,1.018181654
9/01/2017,0.904340248,1,0.953436807,1.170271333,1.264381885,0.993470751,0.983536149,1.076580588,0.755436735,0.986942102,0.793103448,0.925660657,0.87257563,0.951103776,1.048837209,0.94598952,0.96843593,1.004902938,0.992866407,1.021496751,1.008727245
10/01/2017,0.909198361,1,1.017738359,1.120920173,1.29130967,0.992112987,0.958482462,1.112199466,0.779518638,1.015976722,0.827586207,0.944924673,0.943760972,0.942025995,1.046802326,0.949214027,1.051821608,1.004902938,0.985732815,1.022293037,1
11/01/2017,0.779061032,1,0.853658537,0.971588675,1.189718482,0.932491165,0.83321403,1.006233304,0.669360856,0.910189678,0.724137931,0.856013831,0.811739906,0.8262843,0.958430233,0.841999194,1.006752513,1.007746376,0.998702983,1.015923552,0.994181798
12/01/2017,0.806176314,1,0.87804878,1.011993708,1.206854345,0.921389445,0.848246242,1.088156723,0.689657078,0.928100234,0.706896552,0.928871326,0.875078433,0.883226738,1.014244186,0.99758162,1.008636935,1.005585009,1.014267185,1.015923552,0.999272643
13/01/2017,0.825358348,1,0.862527716,1.021333071,1.195838433,0.933536111,0.806728704,1.121104185,0.693456575,0.987430079,0.74137931,0.918004446,0.855330969,0.891479266,1.044186047,0.966545748,1.03580402,1.007445202,1.01232166,1.021496751,0.997818237
14/01/2017,0.819779031,1,0.864745011,1.047974833,1.181150551,0.982289164,0.793843951,1.075690116,0.683218658,1.049873036,0.724137931,0.951346011,0.866738108,0.900350732,1.081395349,0.99637243,1.077732412,1.007445202,1.01232166,1.021496751,0.997818237
15/01/2017,0.823174702,1,0.871396896,1.28214707,1.211750306,1.072553861,0.770221904,1.103294746,0.704744536,1.072134718,0.724137931,0.94097308,0.872328875,0.931504023,1.065988372,0.983877469,1.056218593,1.007445202,1.01232166,1.021496751,0.997818237
16/01/2017,0.832920978,1,0.864745011,1.241053873,1.179926561,1.026862433,0.761632069,1.152270703,0.834908398,1.063802966,0.74137931,0.96591751,0.843543122,0.896637095,1.066569767,0.959290609,1.065954774,1.007445202,1.01232166,1.021496751,0.997818237
17/01/2017,0.909458796,1,0.873614191,1.28647267,1.260709914,1.048586661,0.886900501,1.268922529,0.814156235,1.106875954,0.793103448,0.96591751,0.822315128,0.921807303,1.024418605,1.02579605,1.067839196,1.004455606,1.012970169,1.039012715,1.005454504
18/01/2017,0.888103132,1,0.851441242,1.325304758,1.252141983,1.076527318,0.862562634,1.252003562,0.819738042,1.137270583,0.844827586,0.974314646,0.867414922,0.906127502,1.03255814,1,1.053548995,1.006227218,0.999351492,1.041401172,1.006909064
19/01/2017,0.900573959,1,0.855875831,1.403263862,1.272949816,1.042483377,0.86972083,1.35173642,1.002459311,1.063558977,0.810344828,0.95776735,0.822181175,0.912935837,1.042151163,0.946795647,1.104585427,1.002595412,0.997405966,1.041401172,0.997090918
20/01/2017,0.8965272,1,0.862527716,1.343491939,1.297429621,1.030756022,0.85254116,1.349955476,0.935615795,1.060811849,0.775862069,0.958755248,0.83057085,0.900557046,1.030523256,0.950020153,1.048209799,1.005970334,1.009079118,1.038216509,1.00436368
21/01/2017,0.923331964,1,0.864745011,1.373476209,1.335373317,1.053119197,0.861130995,1.333036509,1.013097903,1.122875268,0.793103448,0.937021487,0.819995629,0.897668661,1.072965116,0.927448609,1.053077889,1.005970334,1.009079118,1.038216509,1.00436368
22/01/2017,0.926216782,1,0.851441242,1.518482108,1.309669523,1.035335148,0.871868289,1.345503117,1.058125397,1.127511047,0.793103448,0.912324031,0.805923534,0.893542397,1.074418605,0.941555824,1.054177136,1.005970334,1.009079118,1.038216509,1.00436368
23/01/2017,0.92255066,1,0.851441242,1.653853716,1.324357405,1.035927506,0.876879026,1.352626892,1.207314377,1.086584253,0.793103448,0.913311929,0.916152593,0.884051991,1.072383721,0.939943571,1.051664573,1.003264196,1.009079118,1.05254773,1.012727266
24/01/2017,0.894183286,1,0.840354767,1.809575305,1.301101591,0.991274368,0.845382963,1.254674978,1.047928929,1.055552543,0.775862069,0.91010126,0.847519406,0.854342893,1.134302326,0.90044337,1.02701005,1.009850166,1.009727626,1.076433098,1.013090925
25/01/2017,0.90304809,1,0.822616408,1.880751081,1.29375765,0.971127543,0.846814603,1.2920748,1.122136561,1.05904971,0.862068966,0.903432946,0.875741147,0.828347431,1.320639535,0.869407497,1.022770101,1.017955293,1.007133593,1.070859739,1.006181823
26/01/2017,0.919124939,1,0.849223947,1.859811247,1.29620563,0.973430418,0.857551897,1.339269813,1.176904584,1.08011856,0.965517241,0.94640652,0.941984335,0.794718383,1.512790698,0.885530028,1.050565327,1.017206787,1.01232166,1.048566862,1.00436368
27/01/2017,0.921288552,1,0.855875831,1.695831695,1.290085679,0.983773386,0.866141732,1.365983972,1.453162563,1.068750508,0.965517241,0.955297604,0.918937402,0.788528987,1.451744186,0.885126965,1.007380653,1.01632541,1.003891051,1.027866236,0.994181798
28/01/2017,0.92313163,1,0.853658537,1.754522218,1.29253366,1.034416661,0.919828203,1.359750668,1.356544806,1.105936147,1.051724138,0.942948876,0.949471591,0.788116361,1.399709302,0.883514712,0.995917085,1.01632541,1.003891051,1.027866236,0.994181798
29/01/2017,0.921038134,1,0.853658537,1.996067637,1.282741738,1.050829634,0.906227631,1.381121995,1.457431816,1.080303811,1,1.027167202,0.995509056,0.79781308,1.501162791,0.8968158,1.005339196,1.01632541,1.003891051,1.027866236,0.994181798
30/01/2017,0.921919606,1,0.89135255,1.912996461,1.29375765,1.077046463,0.909806729,1.421193232,1.316919506,1.049850444,1,1.020992838,1.08403071,0.824840107,1.526744186,0.990729545,1.002041457,1.010217775,0.994811933,1.040605046,0.987999937
31/01/2017,0.972023279,0.999997,0.904656319,1.870232009,1.313341493,1.065598648,0.929849678,1.430988424,1.251167482,1.020680276,0.982758621,1.002469746,1.036484514,0.815349701,1.522383721,0.955663039,0.991520101,1.009318682,1.000648508,1.03980892,0.995636281
1/02/2017,0.990674426,0.999999,0.904656319,1.81439245,1.313341493,1.061032833,0.949892627,1.427426536,1.251471442,1.059140076,0.965517241,1.003210669,1.037908644,0.822983289,1.59505814,0.950020153,1.02701005,1.009619856,1.012970169,1.063694208,0.983272752
2/02/2017,1.013492533,0.999994,0.906873614,1.889697208,1.324357405,1.050669897,0.940586972,1.452359751,1.319599878,0.957613793,0.879310345,1.010866881,1.02719947,0.809572932,1.829651163,0.97541314,1.015860553,1.01019563,1.012970169,1.06528662,0.994545535
3/02/2017,1.031632827,0.999998,0.904656319,1.916044042,1.359853121,1.065864876,0.920544023,1.560106857,1.324698113,1.035437056,0.931034483,0.970610027,0.946581031,0.805034042,2.016860465,0.966948811,1.016645729,1.017534535,1.01232166,1.084394914,1.000363582
4/02/2017,1.044644556,0.999999,0.900221729,1.767892253,1.399020808,1.056240724,0.902648533,1.569011576,1.219762911,0.998314673,0.982758621,1.004445542,0.957882418,0.811636064,2.085174419,0.963724305,1.019472362,1.017534535,1.01232166,1.084394914,1.000363582
5/02/2017,1.029058528,0.999999,0.89578714,1.858926465,1.389228886,1.085665604,0.916249105,1.519145147,1.205214292,1.014499236,0.982758621,0.982464806,0.927672535,0.787291108,1.857267442,0.944780331,1.011620603,1.017534535,1.01232166,1.084394914,1.000363582
6/02/2017,1.039886611,0.999998,0.89578714,2.157294534,1.394124847,1.06458698,0.921975662,1.524487979,1.323233579,1.196107933,0.982758621,0.976784391,0.893874127,0.775531256,1.755523256,0.954856913,1.012876884,1.015382026,1.002594034,1.087579577,0.998181819
7/02/2017,1.063125419,0.999999,0.89578714,2.047778215,1.41003672,1.100008652,0.905511811,1.526268923,1.327419934,1.15397927,0.913793103,1.010619906,0.938621414,0.751392614,2.010755814,0.934703748,1.006124372,1.015612336,0.995460441,1.135350313,0.994545535
8/02/2017,1.064848297,0.999999,0.89135255,1.994789619,1.399020808,1.081505787,0.916249105,1.544968833,1.314197684,1.195443743,0.913793103,0.997036305,0.913473537,0.728285537,1.936337209,0.900846433,1.010992462,1.016316552,1.001297017,1.136146518,1.002909043
9/02/2017,0.996043392,0.999999,0.842572062,1.794632324,1.3500612,1.026735975,0.867573372,1.476402493,1.224128879,1.121560441,0.862068966,0.933810817,0.898724628,0.687848153,1.838081395,0.86860137,1.000942211,1.022162873,1.005836576,1.148885248,1.005090768
10/02/2017,0.990323841,0.999999,0.838137472,1.899036571,1.380660955,0.979034523,0.857551897,1.484416741,1.18661748,1.069608986,0.862068966,0.9718449,0.886633625,0.67464411,1.84244186,0.862958484,0.987594221,1.025807966,1.016212711,1.12500004,1.012363607
11/02/2017,1.006130237,0.999999,0.840354767,1.959889894,1.389228886,1.002515857,0.876163207,1.527159394,1.13642267,1.097175157,0.948275862,0.999506051,0.885547902,0.675881989,2.03255814,0.850866586,0.994503769,1.025807966,1.016212711,1.12500004,1.012363607
12/02/2017,1.000851422,0.999999,0.833702882,1.849587102,1.395348837,0.995420874,0.882605583,1.505788068,1.127953245,1.129779236,0.896551724,0.979501111,0.857058255,0.652155973,2.005813953,0.842402257,0.984453518,1.025807966,1.016212711,1.12500004,1.012363607
13/02/2017,0.992297136,1,0.824833703,1.823731813,1.379436965,0.958461733,0.873299928,1.503116652,1.063389428,1.11623788,0.775862069,0.954556681,0.833933771,0.626779451,1.92877907,0.833131802,0.981626884,1.031189239,1.003242542,1.133757902,1.013454507
14/02/2017,1.006230405,1,0.835920177,1.771726308,1.594859241,0.983999681,0.929849678,1.616206589,1.068169886,1.095503384,0.810344828,0.987651272,0.822068372,0.667835775,1.956395349,0.842402257,0.985866834,1.035321526,1.007133593,1.122611503,1.007636228
15/02/2017,1.009165306,1,0.844789357,1.710381439,1.581395349,0.94671441,0.974946314,1.747996438,1.203708309,1.106198209,0.879310345,0.997777229,0.7947561,0.69218073,2.061918605,0.896412737,0.965295226,1.040490205,1.007133593,1.117038144,1.003999944
16/02/2017,1.029158695,1,0.840354767,1.590051121,1.578947368,0.964272165,0.937723694,1.738201247,1.136712813,1.118637099,0.948275862,1.003704618,0.888939023,0.671755725,2.04622093,0.862152358,0.946451005,1.039591112,1.005188067,1.113853482,1.009454563
17/02/2017,1.047960093,1,0.849223947,1.624262682,1.552019584,0.967413659,0.952040086,1.7809439,1.134212053,1.140939446,0.913793103,1.021980736,0.864778167,0.6604085,2.067732558,0.843611447,0.932003769,1.04133615,1.001945525,1.133757902,1.011636365
18/02/2017,1.056183827,1,0.840354767,1.524577271,1.567931457,0.926833814,0.956335004,1.906500445,1.04171157,1.089561815,0.896551724,0.987404297,0.877256929,0.636269858,1.99505814,0.814590891,0.874528894,1.04133615,1.001945525,1.133757902,1.011636365
19/02/2017,1.04962287,0.999898,0.833702882,1.56222965,1.561811506,0.902047961,0.929849678,2.008014248,1.079761806,1.088531642,0.896551724,0.993084712,0.866498403,0.630905715,1.846511628,0.811769448,0.923052764,1.04133615,1.001945525,1.133757902,1.011636365
20/02/2017,1.081786584,0.999997,0.835920177,1.524872198,1.521419829,0.831024912,0.874731568,1.92252894,1.080259195,1.114493814,0.879310345,0.990861941,0.856416692,0.636888797,1.906686047,0.827085852,0.922267588,1.04133615,1.001945525,1.133757902,1.011636365
21/02/2017,1.117165667,0.99976,0.838137472,1.421942587,1.550795594,0.870380107,0.883321403,1.892252894,1.093550526,0.997501378,0.896551724,0.949370215,0.857023005,0.616876418,1.838953488,0.804917372,0.915829146,1.047634233,1.007133593,1.113853482,1.024363554
22/02/2017,1.119309246,0.999967,0.844789357,1.417027133,1.542227662,0.862513062,0.914101646,1.969723954,1.065876371,1.018240392,0.931034483,0.935786614,0.859828963,0.560346606,1.856976744,0.809351068,0.920226131,1.046500401,0.998702983,1.109076328,1.021090851
23/02/2017,1.168671682,0.999997,0.851441242,1.505898545,1.605875153,0.888863006,0.921259843,2.245770258,1.077440659,1.001581406,1.017241379,0.942454927,0.837021736,0.618526924,1.992151163,0.776702942,0.925722362,1.046938875,1.003242542,1.09235665,1.026545394
24/02/2017,1.175643324,0.999998,0.853658537,1.459791585,1.599755202,0.884783057,0.853256979,2.333036509,1.043784023,0.999367437,1.017241379,0.964435663,0.854372149,0.623684753,1.910174419,0.759774285,0.895257538,1.048502323,1,1.089171908,1.031636239
25/02/2017,1.145753408,1,0.849223947,1.608729847,1.658506732,0.865840915,0.848246242,2.382902939,1.121349029,0.970509032,0.982758621,0.96048407,0.807425216,0.60140293,1.843023256,0.758162031,0.889604271,1.048502323,1,1.089171908,1.031636239
26/02/2017,1.167149139,1,0.849223947,1.625049155,1.777233782,0.855471324,0.85110952,2.503116652,1.126599243,0.975488203,0.965517241,0.938750309,0.810668284,0.607592325,1.874127907,0.755743652,0.890546482,1.048502323,1,1.089171908,1.031636239
27/02/2017,1.181943846,1,0.842572062,1.520153362,1.88494492,0.826279393,0.856120258,2.509349955,1.088507558,1.002697427,1.034482759,0.937021487,0.813417841,0.741489581,1.864825581,0.71503426,0.880810302,1.04956972,0.998702983,1.077229224,1.037090858
28/02/2017,1.181943846,0.99997,0.835920177,1.522807707,1.936352509,0.747781986,0.879026485,2.89492431,1.075160961,0.884950434,0.982758621,0.874536923,0.827990496,0.769548174,2.044767442,0.742845627,0.869346734,1.046863581,1.001945525,1.025477699,1.029818096
1/03/2017,1.22454499,0.999998,0.842572062,1.416142352,2.123623011,0.697384973,0.882605583,3.788067676,1.179129017,0.886342072,1.034482759,0.857495678,0.953158819,0.854342893,2.281976744,0.694881096,0.849246231,1.061178211,1.003891051,1.037420304,1.026545394
2/03/2017,1.253102681,1,0.869179601,1.403952025,2.329253366,0.728367289,0.938439513,3.779162956,1.360482467,0.851600835,1.068965517,0.896270684,0.841089671,0.818444399,2.563372093,0.720274083,0.940797739,1.054959851,0.986381323,1.047770656,1.020727269
3/03/2017,1.277122795,1,0.869179601,1.424400315,2.381884945,0.72579153,0.995705082,4.2190561,1.379922076,0.914025718,1.051724138,0.887132625,0.863248285,0.862389107,2.583430233,0.710600564,0.99544598,1.055491335,0.99156939,1.002388537,1.017090792
4/03/2017,1.257249607,1,0.860310421,1.551120724,2.279069767,0.770744175,0.978525412,3.86286732,1.317900467,0.88458897,0.862068966,0.851321314,0.845319759,0.859088096,2.781104651,0.706569931,0.989164573,1.055491335,0.99156939,1.002388537,1.017090792
5/03/2017,1.26923963,1,0.864745011,1.568226504,2.362301102,0.796348679,1.086614173,3.767586821,1.342383045,1.033742692,1.051724138,0.875771796,0.858404834,0.813699195,3.295930233,0.700523982,0.962468593,1.055491335,0.99156939,1.002388537,1.017090792
6/03/2017,1.274959182,1,0.869179601,1.676759733,2.400244798,0.831517435,1.103078024,4.140694568,1.290709884,1.082038839,0.879310345,0.898493455,0.870340734,0.831854756,3.14622093,0.756146715,0.95116206,1.052032261,0.992866407,1.019108215,1.012000024
7/03/2017,1.22558673,1,0.847006652,1.682166732,2.312117503,0.800947773,0.968503937,4.067675868,1.197435685,0.967102231,1,0.908619412,0.864157754,0.784609037,3.188953488,0.810560258,1.026067839,1.048967371,0.98767834,0.99283439,1.007272762
8/03/2017,1.151923713,1,0.838137472,1.554954778,2.037943696,0.735116175,0.892627058,3.769367765,1.07163779,0.881299645,0.793103448,0.907631514,0.819523269,0.737363318,2.70755814,0.739621121,1.02214196,1.046571265,0.960440986,0.986464985,0.988727256
9/03/2017,1.190478098,0.999906,0.851441242,1.504522218,2.172582619,0.791470046,0.932712956,4.546749777,1.117411368,0.928854791,0.982758621,0.888861447,0.9308028,0.757582009,2.628488372,0.721483273,1.020414573,1.047408352,0.952010376,0.989649647,0.97418177
10/03/2017,1.118588042,0.99999,0.831485588,1.432068423,2.365973072,0.753951826,0.945597709,4.489759573,1.082718506,0.900235855,0.775862069,0.865398864,0.926925219,0.729317103,2.657267442,0.698508666,0.97785804,1.050831994,0.940985733,0.979299294,0.971636348
11/03/2017,1.177796921,1,0.842572062,1.576877703,2.627906977,0.74495331,1.051539012,6.494211932,1.13437785,0.99038505,0.931034483,0.883921956,1.002122094,0.819475965,2.859302326,0.720677146,0.979585427,1.050831994,0.940985733,0.979299294,0.971636348
12/03/2017,1.223423117,1,0.851441242,1.609221392,2.869033048,0.753698909,1.201861131,6.863757792,1.277998839,1.160381706,0.844827586,0.914793776,0.991074513,0.828553745,2.876162791,0.74445788,0.982255025,1.050831994,0.940985733,0.979299294,0.971636348
13/03/2017,1.233980748,1,0.924611973,1.769760126,3.499388005,0.855724241,1.297780959,6.64381122,1.413620161,1.230785914,0.844827586,1.002222771,0.965722182,0.983288632,3.172674419,0.792019347,1.002669598,1.051217319,0.939040208,1.002388537,0.97345449
14/03/2017,1.242074264,1,0.900221729,1.760617381,3.506731946,0.976944631,1.271295634,7.857524488,1.383776838,1.145837287,0.879310345,1.065448259,0.942470795,0.930885084,3.376162791,0.773075373,1.002041457,1.047665236,0.935149157,1.011942684,0.972727172
15/03/2017,1.25170034,1,0.922394678,1.889992135,4.29130967,1.11264784,1.358625626,8.467497774,1.324946807,1.37539874,0.879310345,1.294640652,0.907022652,0.943470188,3.266569767,0.787182588,0.991520101,1.056439147,0.9461738,0.984872574,0.99345448
16/03/2017,1.189796961,1,0.940133038,1.95812033,5.673194614,1.276957277,1.609162491,7.997328584,1.263975241,1.402879063,0.965517241,1.092615461,0.929681827,1.006395709,3.227325581,0.794034663,1.004082915,1.054720683,0.946822309,1.042993663,0.991272755
17/03/2017,1.102070458,1,0.900221729,1.664077861,5.731946144,1.093619174,1.599856836,8.828138914,1.355370416,1.211556013,0.793103448,1.237589528,0.986329764,0.995873736,3.426744186,0.788794841,0.960427136,1.053334396,0.9461738,1.038216509,0.995272699
18/03/2017,0.975449,1,0.880266075,1.484073928,4.181150551,1.160316013,1.436649964,9.727515583,1.30909945,1.183786519,0.724137931,1.115090146,1.120881832,1.324118011,3.475872093,0.756549778,1.05370603,1.053334396,0.9461738,1.038216509,0.995272699
19/03/2017,1.038474252,1,0.87804878,1.655426661,5.476132191,1.241655407,1.66714388,9.637577916,1.517035563,1.257452942,0.724137931,1.184736972,1.110821272,1.441922839,4.788953488,0.772269246,1.085427136,1.053334396,0.9461738,1.038216509,0.995272699
20/03/2017,1.055993509,1,0.893569845,1.895792371,5.310893513,1.602088561,1.61130995,8.909171861,1.734076653,1.286040249,0.75862069,1.373425537,1.085003631,1.49515164,4.165116279,0.804111245,1.095320352,1.051217319,0.943579767,1.028662442,0.993818139
21/03/2017,1.122414432,1,0.889135255,2.225619347,5.281517748,2.022463011,1.523979957,8.49332146,1.89737213,1.311668067,0.775862069,1.391701655,1.162809061,1.374871054,4.593023256,0.881499395,1.08495603,1.038173822,0.937094682,1.044585994,0.990083362
22/03/2017,1.050894995,1,0.873614191,2.104404247,5.182374541,1.897914767,1.533285612,9.039180766,1.867390644,1.233438158,0.879310345,1.40553223,1.220683723,1.428099856,4.741860465,0.799274486,1.146513819,1.040135883,0.937094682,1.06528662,0.990083362
23/03/2017,1.040327347,1,0.88248337,1.980534801,5.346389229,1.766744095,1.561918397,9.03205699,1.81629777,1.232231771,0.724137931,1.387997036,1.173229179,1.374252115,4.36627907,0.907295445,1.661746231,1.039033054,0.933203632,1.058917135,0.99740645
24/03/2017,0.939088277,0.999896,0.904656319,1.827074322,6.500611995,1.712406903,1.510379384,8.661620659,1.582677057,1.267262179,0.689655172,1.338602124,1.173602837,1.332576852,4.038081395,0.849657396,1.65169598,1.038156106,0.935797665,1.05254773,0.996674233
25/03/2017,0.97440726,0.999916,0.902439024,1.973751475,6.272949816,1.793566594,1.441660702,8.399821906,1.822998701,1.361080236,0.689655172,1.280316127,1.179524961,1.308025583,3.694767442,0.812575574,1.431532663,1.038156106,0.935797665,1.05254773,0.996674233
26/03/2017,0.96834714,1,0.900221729,2.113940228,6.183598531,1.785320173,1.403722262,8.337488869,2.584818591,1.4406566,0.827586207,1.269943196,1.130730889,1.236434908,3.932267442,0.813381701,1.498900754,1.038156106,0.935797665,1.05254773,0.996674233
27/03/2017,1.047519357,1,0.904656319,2.122198191,6.079559364,1.907505641,1.40730136,7.627782725,2.400494625,1.632634804,0.896551724,1.340330946,1.314330835,1.125232102,3.875581395,0.762595728,1.507066583,1.037097567,0.933203632,1.050955319,0.9875202
28/03/2017,1.048901666,1,0.922394678,2.159162407,6.214198286,2.022988812,1.418038654,7.82635797,2.48355854,1.691820063,4.431034483,1.361076809,1.555488187,1.334639983,3.967151163,0.823458283,1.494032663,1.044618062,0.939688716,1.070859739,0.991914153
29/03/2017,1.041709655,0.999947,0.929046563,2.144219426,6.503059976,2.247858526,1.513242663,7.515583259,2.813120009,1.815969492,2.362068966,1.52951346,1.497648776,1.30720033,4.329069767,0.795243853,1.586212312,1.045751895,0.950064851,1.040605046,0.997040284
30/03/2017,1.028147005,0.999986,1.54767184,2.003539127,6.390452876,2.204742857,1.494631353,7.089047195,2.737268231,1.723168054,2.965517241,1.546060756,1.484450899,1.381266763,4.080232558,0.927851673,2.084798995,1.048821213,0.955252918,1.046178325,0.999603407
31/03/2017,1.073582883,1,1.478935698,2.154050334,6.124847001,2.059581888,1.470293486,6.670525378,2.738304457,1.703278481,2.844827586,1.588787355,1.434994113,1.449556427,4.339534884,0.94961709,3.280307789,1.046456111,0.961089494,1.028662442,1.005461908
1/04/2017,1.082307453,0.999586,1.525498891,2.244494691,6.205630355,2.09142279,1.539012169,6.108637578,3.406560004,1.582346084,3.344827586,1.689059027,1.445400131,1.332576852,5.125581395,1.060459492,3.43781407,1.046456111,0.961089494,1.028662442,1.005461908
2/04/2017,1.104013703,1,1.716186253,2.371116791,5.966952264,1.806432075,1.441660702,5.081923419,3.816850424,1.557152023,2.689655172,2.634477649,1.44866435,1.314833918,4.676162791,1.686013704,9.604114322,1.046456111,0.961089494,1.028662442,1.005461908
3/04/2017,1.145723358,0.999752,1.789356984,2.230436492,5.429620563,1.799177355,1.455261274,5.499554764,4.717952969,1.731901935,2.620689655,2.28747839,1.407935646,1.309057149,5.813953488,1.25916969,5.185772613,1.044737646,0.951361868,1.033439435,1.007658866
4/04/2017,1.135145693,1,1.838137472,2.277329925,5.463892289,1.767755762,1.528274875,6.15048976,5.329658183,1.673832696,2.431034483,2.233143986,1.304291425,1.29358366,5.30755814,1.227730754,5.881752513,1.045322278,0.962386511,1.057324804,1.007658866
5/04/2017,1.126661525,1,2.458980044,2.18029886,5.544675643,1.870073945,1.404438082,6.622439893,5.757702617,1.885569442,2.517241379,2.295381576,1.302296233,1.218898288,5.073837209,1.261991133,5.581658291,1.042128947,0.961738003,1.070063533,1.008757286
6/04/2017,1.184658379,0.999939,2.272727273,2.104305938,5.29253366,1.760308026,1.379384395,5.924309884,6.253087955,1.809567056,2.24137931,2.102988392,1.314359036,1.194553332,4.824709302,1.138250705,5.12955402,1.044139727,0.970168612,1.07245223,1.014249699
7/04/2017,1.178868711,0.999873,2.077605322,1.92597326,5.160342717,1.637031022,1.38797423,5.894033838,5.911533892,1.745149601,2.206896552,2.062731539,1.329171396,1.233752837,4.905813953,1.115276098,5.703360553,1.043276066,0.974059663,1.070063533,1.015348042
8/04/2017,1.177917122,0.999716,2.199556541,2.106370429,5.423500612,1.815956392,1.491052255,6.032947462,6.191093979,1.720624249,2.034482759,2.121758459,1.341086146,1.31173922,5.360174419,1.17694478,5.62955402,1.043276066,0.974059663,1.070063533,1.015348042
9/04/2017,1.189857061,0.99996,1.931263858,1.920861188,5.29620563,1.747615593,1.480314961,5.761353517,5.829506204,1.774636051,2.24137931,2.040503828,1.331497945,1.290488962,5.818313953,1.106408706,5.342336683,1.043276066,0.974059663,1.070063533,1.015348042
10/04/2017,1.189115823,0.999931,1.977827051,2.000786473,5.317013464,1.789000779,1.562634216,5.459483526,5.841761309,1.874336939,2.25862069,2.088416893,1.465542403,1.337322055,6.07005814,1.123740427,5.276067839,1.043993569,0.982490272,1.068471362,1.022305042
11/04/2017,1.207025733,0.999843,1.962305987,2.204482894,5.313341493,1.7493727,1.528990694,5.390026714,5.711265854,2.019717877,2.448275862,2.049147938,1.394702519,1.275634413,5.756104651,1.121322048,5.174623116,1.042496556,0.984435798,1.07245223,1.029628168
12/04/2017,1.202377971,0.999562,2.392461197,2.304266614,5.665850673,1.782511464,1.557623479,6.055209261,5.798433226,1.891926695,2.275862069,2.151395406,1.378677533,1.279141737,6.032848837,1.223700121,5.391959799,1.038576864,0.980544747,1.100318386,1.027431172
13/04/2017,1.171235964,0.999612,2.250554324,2.397561935,6.146878825,1.910860117,1.53758053,6.462154942,7.495136644,1.974720091,2.603448276,2.186712769,1.351414612,1.334021044,6.144186047,1.23337364,5.399340452,1.031499271,0.983787289,1.106687871,1.024868126
14/04/2017,1.169493053,0.998986,2.303769401,2.291683052,5.82252142,1.863544696,1.473872584,6.301869991,8.433045953,1.93985686,2.413793103,2.314398617,1.3603824,1.468330926,6.41744186,1.260781943,5.304491206,1.031499271,0.983787289,1.106687871,1.024868126
15/04/2017,1.174481384,0.999939,2.392461197,2.423417224,6.009791922,2.02956465,1.482462419,6.679430098,9.368330156,1.923740071,2.25862069,2.649049148,1.354784583,1.503404168,7.070348837,1.364369206,5.332129397,1.031499271,0.983787289,1.106687871,1.024868126
16/04/2017,1.184918814,0.999458,2.374722838,2.561246559,5.963280294,2.131463523,1.464566929,6.708815672,9.351695267,1.955002214,3.448275862,2.7466041,1.35416417,1.475139261,7.009883721,1.506247481,5.254711055,1.031499271,0.983787289,1.106687871,1.024868126
17/04/2017,1.195907165,0.999288,2.310421286,2.502654345,5.911872705,2.100620977,1.471725125,6.735529831,9.256873636,2.009212821,3.689655172,2.551988145,1.350025733,1.4491438,7.596511628,1.432889964,5.285018844,1.040383908,0.97924773,1.103503129,1.037683511
18/04/2017,1.213696874,0.999616,2.288248337,2.966476602,6.206854345,2.294614868,1.507516106,6.485307213,9.671889248,1.947813593,3.534482759,2.823660163,1.272403607,1.480916031,8.237790698,1.493752519,5.210898241,1.037363309,0.974059663,1.097133724,1.040246519
19/04/2017,1.212314565,0.999523,2.141906874,3.194062131,5.913096695,2.514006935,1.459556192,6.436331256,9.414670204,2.067797146,3.120689655,3.081995554,1.335354376,1.463585723,9.447093023,1.440548166,4.738222362,1.035582838,0.953955901,1.100318386,1.038415882
20/04/2017,1.231135997,0.998275,2.290465632,2.957137239,6.079559364,2.401904863,1.448818898,6.362422084,9.228522479,2.065908495,3.379310345,2.772783403,1.302338534,1.388900351,8.279360465,1.35751713,4.708542714,1.043408937,0.950064851,1.074840687,1.039148136
21/04/2017,1.224094237,0.984169,2.490022173,2.846146284,5.902080783,2.508283027,1.452397996,6.311665183,9.13055072,2.08067883,3.155172414,2.917510496,1.255786409,1.405818032,9.584593023,1.397017332,5.147613065,1.040242179,0.937743191,1.079617841,1.034388094
22/04/2017,1.233770397,0.940929,2.89578714,3.023200944,5.94247246,2.434890547,1.440229062,6.341941229,8.747810108,2.160657323,2.982758621,3.038034082,1.290585938,1.41675263,9.293604651,1.413139863,4.989007538,1.040242179,0.937743191,1.079617841,1.034388094
23/04/2017,1.209229413,0.921333,3.090909091,3.011207236,5.935128519,2.422324572,1.411596278,6.134461264,8.083823814,2.529960871,2.913793103,3.148925661,1.233493842,1.368681659,9.139825581,1.413139863,4.911746231,1.040242179,0.937743191,1.079617841,1.034388094
24/04/2017,1.252241243,0.91789,3.319290466,3.488596146,6.123623011,2.58771889,1.400143164,6.42920748,8.762869933,2.539910176,3.206896552,3.417880958,1.225019564,1.402723334,9.94127907,1.547762999,4.92839196,1.051518493,0.933203632,1.084394914,1.02376959
25/04/2017,1.267606904,0.913595,3.372505543,3.882422336,6.106487148,2.627260444,1.40658554,6.417631345,8.163240211,2.482744598,3.051724138,3.288466288,1.293730304,1.42706829,10.88255814,1.534864974,5.079459799,1.057922873,0.941634241,1.058917135,1.028163466
26/04/2017,1.283222982,0.92105,3.292682927,4.259241054,6.452876377,3.106970522,1.386542591,6.369545859,8.809306695,2.519157607,3.310344828,3.244010867,1.301295112,1.485454921,14.51656977,1.545747682,5.150282663,1.057409105,0.935149157,1.015923552,1.019375752
27/04/2017,1.31993429,0.924351,3.241685144,4.28539127,7.609547124,3.397884816,1.5182534,6.960819234,8.564204593,2.530060274,2.965517241,3.268214374,1.424778449,1.584897875,13.65552326,1.600161225,5.467336683,1.057993737,0.935149157,1.023089242,1.017178911
28/04/2017,1.318682199,0.934542,3.179600887,4.461659457,8.5875153,3.489267673,1.599856836,7.078361532,9.438254718,2.715292651,3.172413793,3.448752778,1.616281611,1.731999175,14.13924419,1.834340992,6.984139447,1.05596967,0.935797665,1.006369405,1.006926572
29/04/2017,1.324001082,0.937193,3.490022173,4.941801022,8.369645043,3.513321397,1.62920544,8.455031167,10.08515018,2.648222951,3.189655172,3.813781181,1.915729585,1.982257066,13.96482558,2.00362757,8.302135678,1.05596967,0.935797665,1.006369405,1.006926572
30/04/2017,1.350144742,0.936854,3.483370288,5.070979158,9.671970624,3.916657238,1.697924123,8.152270703,10.12097599,2.68269309,3.482758621,4.064213386,2.538751137,1.922838869,14.81569767,1.95082628,8.104114322,1.05596967,0.935797665,1.006369405,1.006926572
1/05/2017,1.423978043,0.935871,3.529933481,4.520644908,9.339045288,3.870446664,1.62992126,7.846838825,10.3251955,2.699790351,3.913793103,3.793776241,2.247854993,1.857850217,15.13168605,2.070939137,8.654993719,1.05779886,0.937743191,1.031847024,1.013151162
2/05/2017,1.455250268,0.932607,3.523281596,4.618659064,9.456548348,3.606168509,1.649248389,7.679430098,11.21987344,2.81174036,3.75862069,3.677204248,2.219619151,1.896637095,15.06656977,1.9484079,8.465452261,1.059056705,0.927367056,1.006369405,1.011320371
3/05/2017,1.492582613,0.933351,4.66518847,4.959496657,9.757649939,3.641210806,1.803865426,8.021371327,14.36900716,3.026310082,3.862068966,3.944677698,2.423713877,1.878275222,15.39418605,2.094719871,9.499057789,1.057710279,0.927367056,1.01273881,0.998138782
4/05/2017,1.540242204,0.945931,5.186252772,5.106861974,11.87025704,3.894041146,1.860415175,8.263579697,16.02696952,3.234734911,3.965517241,4.478389726,3.527252346,2.053641428,18.43052326,2.671503426,12.39227387,1.058325915,0.901426719,1.010350273,0.99337874
5/05/2017,1.558051947,0.955601,5.824833703,6.026445144,11.55446756,3.985823344,2.0365068,8.816562778,16.57962364,3.309905929,4.017241379,5.944430724,4.063888438,2.138229833,21.2,4.384119307,14.6906407,1.062653078,0.910505837,0.989649647,1.001800364
6/05/2017,1.581441006,0.968619,6.243902439,6.657884389,11.97184823,4.301916178,2.07444524,8.883348175,16.57962364,3.605674086,5.155172414,7.934798716,4.143160299,2.232514958,21.3375,8.602982668,15.98476759,1.062653078,0.910505837,0.989649647,1.001800364
7/05/2017,1.599380966,0.96899,6.716186253,6.375245773,11.50673195,4.138365491,2.346456693,9.463935886,16.30329658,3.566373881,10.43103448,8.595702643,3.777412737,2.142149783,28.8744186,17.72833535,22.26177764,1.062653078,0.910505837,0.989649647,1.001800364
8/05/2017,1.726232809,0.96726,6.421286031,7.088773103,11.18971848,4.044253795,2.181102362,9.002671416,16.30329658,3.700056931,9.793103448,13.06199061,3.500905944,2.199711162,34.55668605,16.07416364,31.12625628,1.06269294,0.909857328,1.003980868,0.995209531
9/05/2017,1.758296355,0.970487,7.445676275,6.354895792,11.15789474,3.695528031,2.051539012,8.308103295,15.61247893,4.14529509,7.862068966,9.543837985,3.168124872,1.982463379,32.48633721,11.14349053,25.13724874,1.061603398,0.902075227,1.011146478,0.989717157
10/05/2017,1.7901195,0.982,7.086474501,6.302300433,10.95716034,3.707022436,2.136005727,8.149599288,17.40860482,5.421964378,9.086206897,10.00271672,3.552527125,2.001031566,32.37703488,12.6465135,29.21890704,1.062803665,0.919584955,1.010350273,0.99740645
11/05/2017,1.851662276,0.983721,6.811529933,6.161915061,11.00122399,3.610707701,2.112383679,8.151380232,18.23758601,5.421964378,8.189655172,9.179303532,3.391663905,1.962657314,31.95,14.59209996,28.75863693,1.060504998,0.924124514,1.021496751,0.992646485
12/05/2017,1.727124298,0.97607,6.086474501,5.945831695,10.85189718,3.856336566,2.052970651,7.729296527,17.40860482,5.015317049,8.206896552,9.595702643,3.438244231,2.010315659,37.80116279,16.40709391,32.35992462,1.058937121,0.928664073,1.050159193,0.988618736
13/05/2017,1.807929242,0.973648,6.410199557,7.576779394,11.11872705,3.745525701,2.03793844,7.956366874,17.27044129,5.376781341,7.965517241,9.212645098,3.416106767,1.992572725,36.93662791,15.14953648,33.74340452,1.058937121,0.928664073,1.050159193,0.988618736
14/05/2017,1.811935933,0.981106,6.405764967,8.887534408,11.1126071,3.932224936,2.042233357,7.996438112,17.68493189,6.190075998,8.034482759,9.680908866,3.366748683,1.995048484,36.6122093,15.57758968,34.58275754,1.058937121,0.928664073,1.050159193,0.988618736
15/05/2017,1.741338035,0.967298,5.625277162,8.322552104,11.31089351,3.734463916,1.989262706,8.146927872,16.57962364,6.325625107,8.034482759,9.945171647,3.313971278,1.930472457,34.25145349,17.55421201,42.51256281,1.063995075,0.935797665,1.064490414,0.991547948
16/05/2017,1.737351377,0.958591,5.172949002,8.398545026,10.94736842,3.408460735,1.879742305,7.621549421,17.13227776,5.693062597,13.77586207,11.34848111,3.268920834,1.869197442,31.22093023,19.89842805,54.94048367,1.063264285,0.932555123,1.062898083,0.984591026
17/05/2017,1.842166418,0.970429,5.631929047,8.701042076,10.99877601,3.752241309,1.927702219,7.414069457,17.40860482,6.054526888,31.70689655,12.01877007,3.748161674,1.911697957,34.9877907,19.57597743,61.89258794,1.043935992,0.937094682,1.063694208,0.988252609
18/05/2017,1.891809322,0.967143,6.288248337,12.13448683,11.86168911,4.094184909,2.171080888,7.990204809,19.48105778,6.235259034,28.48275862,15.00839714,3.803420732,1.958324737,62.47994186,18.64973801,57.29726759,1.04778482,0.937094682,1.079617841,0.994477199
19/05/2017,1.991035028,1,6.141906874,12.77320094,15.85434517,4.570114545,2.281317108,8.813891362,22.93514604,7.093736727,23.20689655,19.94739442,4.454706326,2.18857025,61.87877907,19.98266828,51.47628769,1.054875699,0.955252918,1.05254773,1.0003357
20/05/2017,2.088217323,0.993431,6.099778271,13.51887534,15.48592411,5.100887206,2.512526843,8.973285841,27.7708696,7.410017983,40.86206897,22.32946407,4.691767543,2.232927584,65.41133721,21.72027408,55.21890704,1.054875699,0.955252918,1.05254773,1.0003357
21/05/2017,2.044614506,1,5.831485588,13.46686984,19.33170135,5.334442618,2.479599141,9.085485307,29.1525049,7.997397457,65.89655172,24.77105458,4.682292144,2.47183825,70.94215116,24.5235792,52.79538317,1.054875699,0.955252918,1.05254773,1.0003357
22/05/2017,2.17703565,1.01,5.627494457,13.4436689,21.32925337,5.565442238,2.589119542,10.75066785,26.94188842,8.449227822,61.5,21.3941714,5.079532716,4.192077574,75.40668605,20.55743652,49.92996231,1.060318979,0.961089494,1.054936267,1.003631156
23/05/2017,2.324301584,1.01,7.119733925,15.54364923,22.27050184,6.569515531,3.98138869,12.29474622,41.31089558,11.61204038,65.56896552,23.36947394,6.184086407,4.94099443,77.06395349,22.37001209,50.78015075,1.062267753,0.959792477,1.035031767,1.004729692
24/05/2017,2.447727705,1.02,7.638580931,15.23731813,23.2619339,10.51601696,3.248389406,12.87889581,41.44905911,12.42533503,43.32758621,22.98814522,12.40825995,4.922632556,76.03633721,20.70294236,46.46513819,1.064911884,0.956549935,1.043789788,1.01241883
25/05/2017,2.308835756,1.04,6.629711752,12.37907983,21.35250918,7.587505907,2.871868289,10.65271594,36.8896626,10.66319661,42.18965517,19.62435169,7.825663948,4.630905715,60.09767442,16.13099557,38.64086055,1.06964209,0.931258106,1.037420304,1.01241883
26/05/2017,2.206104194,1.04,5.266075388,10.21283917,19.63280294,7.188163491,2.770937724,10.0569902,41.8635497,11.25057608,37.51724138,14.72857496,5.827292532,4.082525273,53.08662791,16.55179363,42.68341709,1.069974267,0.940985733,1.043789788,1.005095781
27/05/2017,2.042280609,1.02,5.263858093,9.086118757,19.30966952,6.788821075,2.391553329,8.833481745,37.02782614,10.16618321,42.67241379,14.92763645,6.925698493,3.936868166,57.80232558,13.31076179,33.3776696,1.069974267,0.940985733,1.043789788,1.005095781
28/05/2017,2.159406208,1.04,5.370288248,9.015434526,20.87025704,6.988492283,2.637079456,9.629563669,43.10702147,11.16021001,43.77586207,15.33168684,6.557384677,4.050340417,60.50174419,14.25392987,36.04805276,1.069974267,0.940985733,1.043789788,1.005095781
29/05/2017,2.25938317,1.02,5.589800443,10.18560755,23.85679315,6.921935213,2.949892627,10.44167409,51.94948741,12.10905378,42.25862069,16.25561867,6.815836042,4.241180111,60.67354651,14.93107618,36.44315327,1.069974267,0.940985733,1.043789788,1.005095781
30/05/2017,2.179109112,1.01,5.352549889,9.230338183,28.38555692,7.32127763,2.848246242,10.78628673,81.10199232,10.75356268,37.56896552,15.86935046,7.191150655,4.805652981,54.08197674,12.49858928,32.24309045,1.068685419,0.933203632,1.039012715,0.999237241
31/05/2017,2.290234692,1.04,5.609756098,10.05937869,28.23378213,7.986848323,2.994273443,12.10774711,70.32523695,13.32899576,37.53448276,16.13534206,7.261652132,4.862182793,58.73982558,13.81418783,38.72330402,1.068193797,0.924773022,1.031847024,1.0003357
1/06/2017,2.411907886,1.03,6.385809313,12.01936689,27.20195838,9.051761433,3.128131711,12.1175423,82.89811821,15.54296455,34.18965517,19.04494937,8.742183149,5.142768723,67.03343023,17.35953245,52.39588568,1.076281208,0.920233463,1.03980892,1.005095781
2/06/2017,2.49271283,1.02,6.416851441,13.43924499,27.39045288,9.251432641,3.149606299,12.93766696,119.9259443,20.46791553,63.5,22.36626327,9.517699396,4.986177017,66.23372093,16.21362354,47.65201005,1.080271765,0.915693904,1.037420304,1.014981876
3/06/2017,2.519557661,1.02,6.133037694,13.44012977,27.46389229,8.985204363,3.032927702,12.84861977,128.4920832,23.44999593,46.24137931,24.0019758,8.883186103,4.745203218,62.52180233,15.83796856,46.25942211,1.080271765,0.915693904,1.037420304,1.014981876
4/06/2017,2.51601174,1.01,6.195121951,13.40994888,30.02815177,9.38454678,3.070866142,12.76491541,144.7953798,24.17292452,43.36206897,26.88342801,8.883186103,4.941613369,62.66337209,16.11809754,47.01837312,1.080271765,0.915693904,1.037420304,1.014981876
5/06/2017,2.691304478,1.02,6.838137472,15.9632324,30.41126071,12.11338662,3.454545455,12.9047195,143.6900716,25.48323258,48.25862069,27.00419857,9.024189057,5.22034248,68.65203488,16.7299476,46.16881281,1.078956343,0.90920882,1.038216509,1.010954205
6/06/2017,2.867989543,1,6.77383592,15.08346441,32.37086903,13.9104275,3.977809592,12.92876224,146.7296692,24.8958531,49.72413793,28.59273895,9.447197919,5.350938725,68.01976744,18.3018944,44.68404523,1.075957889,0.915693904,1.035827972,1.006194163
7/06/2017,2.73673034,1.01,6.294900222,13.76346834,31.5875153,15.04189768,3.760916249,12.49866429,129.735555,23.81146023,58.56896552,26.01234873,9.024189057,5.421704147,60.99563953,18.98347441,43.93577261,1.07764535,0.898184176,1.089171908,1.012784919
8/06/2017,2.810313223,1,6.698447894,15.18521431,32.02815177,20.76580564,4.022190408,12.91451469,129.3210644,26.29652723,61.55172414,43.75302544,9.588200873,5.616670105,63.82994186,20.32245062,45.48963568,1.077933237,0.89688716,1.085987245,1.010954205
9/06/2017,2.828533651,1,6.580931264,17.8733779,34.48470012,25.35824343,3.98138869,13.26179875,118.8206361,28.64604513,48.01724138,66.25463077,10.92772894,5.800082525,62.69912791,19.08746473,44.91504397,1.077038572,0.899481193,1.066878951,1.01791105
10/06/2017,2.95264091,1.02,6.749445676,17.56478569,41.33047736,23.82743083,3.742304939,13.53517364,98.23427008,26.29652723,61.75862069,86.93084712,11.84424814,6.780689086,58.89709302,17.2777106,40.96639447,1.077038572,0.899481193,1.066878951,1.01791105
11/06/2017,2.963058307,1.01,7.365853659,17.91948486,41.69033048,26.02381412,4.201861131,16.76491541,120.2022714,28.55567906,58.62068966,96.82464806,11.77374666,6.831029503,63.37703488,18.50665054,42.83275754,1.077038572,0.899481193,1.066878951,1.01791105
12/06/2017,2.664079012,1.02,6.541019956,17.53932363,49.14198286,21.89727582,3.581961346,15.20747996,103.4844842,24.21810755,50.60344828,92.65300074,10.64572303,6.42644935,58.93343023,16.11769448,39.88128141,1.075984463,0.894293126,1.043789788,1.026332829
13/06/2017,2.721565014,1.01,6.793791574,19.64874164,48.65850673,24.35988739,3.707945598,16.38201247,130.7026997,26.07061205,55.13793103,90.24672759,12.76076734,7.598101919,61.29738372,16.87222894,41.79538317,1.080838681,0.899481193,1.031847024,1.028895875
14/06/2017,2.51056264,1.03,6.700665188,21.55318521,43.94736842,22.29661824,3.31424481,14.5333927,111.497969,22.99816557,43,81.64089899,12.267257,7.994429544,58.57587209,16.05320435,43.72597362,1.079762427,0.88002594,1.03264331,1.031092794
15/06/2017,2.468702734,1.02,6.700665188,21.33916634,44.2998776,20.56613443,3.294201861,14.54585931,109.9781702,23.85664326,40.39655172,83.25784144,12.54926291,7.991334846,56.64040698,15.09028617,40.71388191,1.077344176,0.880674449,0.997611383,1.035486631
16/06/2017,2.522773031,1.02,7.915742794,20.69543846,45.31578947,20.69924857,3.44380816,14.80409617,111.7742961,23.31444682,45.65517241,78.4912324,19.52890913,7.993191665,55.98226744,15.12938331,41.15389447,1.077649779,0.886511025,0.99283439,1.032923508
17/06/2017,2.660322739,0.988584,10.5654102,19.30220212,46.43941248,20.49957736,3.61202577,15.86197685,107.2148996,23.4048129,53.56896552,84.15016053,26.50855535,7.940169177,59.42383721,15.82063684,42.14054648,1.077649779,0.886511025,0.99283439,1.032923508
18/06/2017,2.552552763,1,10.20842572,21.12396775,45.46634027,20.83236271,3.550465283,17.23330365,102.5173395,22.5463352,45.27586207,80.47468511,37.08377691,7.774293377,57.56773256,15.45022168,44.69221106,1.077649779,0.886511025,0.99283439,1.032923508
19/06/2017,2.593931866,0.986406,11.15742794,27.50039324,45.29498164,21.03203392,3.513958482,17.92163847,106.3859184,23.26926379,45.4137931,80.48925661,82.62773105,8.085207345,56.96686047,16.22410318,46.49309045,1.086645142,0.879377432,0.985668779,1.033289674
20/06/2017,2.726342993,0.975272,10.47006652,25.77310263,43.94124847,21.83071875,3.441660702,16.73285841,97.12896184,22.9077995,48.68965517,82.62435169,56.4011816,8.277284919,57.94854651,15.86698912,50.94645101,1.079368243,0.869649805,0.982484037,1.031092794
21/06/2017,2.693598309,0.981361,10.59645233,26.5584939,41.23255814,20.76580564,3.335003579,15.92252894,96.43814419,22.09450484,43.72413793,78.87898246,71.55899916,7.803177223,55.61395349,15.36638452,46.53988693,1.07873932,0.85538262,0.981687831,1.027797377
22/06/2017,2.709935592,0.972902,10.57871397,25.7597326,41.17135863,20.89891978,3.384395132,15.76669635,98.37243361,22.23005395,44.18965517,76.05408743,48.92802504,7.810191871,53.14505814,15.60620717,46.77261307,1.078247698,0.856679637,1.001592251,1.028758085
23/06/2017,2.749501668,1.01,10.49667406,27.11708612,41.82864137,22.3631753,3.680028633,16.85307213,115.3665478,23.54036201,48.39655172,81.69498642,48.22301027,7.960387869,57.41918605,16.68561064,50.24780151,1.07993073,0.861867704,1.008757942,1.033192376
24/06/2017,2.61308385,1.02,9.864745011,25.86974046,39.62056304,21.69760461,3.438081603,16.26179875,106.2477548,21.95895573,46.84482759,77.62089405,44.41593051,7.480297091,54.11627907,15.40104796,48.85521357,1.07993073,0.861867704,1.008757942,1.033192376
25/06/2017,2.593741548,1.01,9.738359202,25.22552104,37.11750306,20.23334909,3.284896206,15.39447907,97.81977949,20.87456285,43.36206897,73.98962707,41.94837882,6.809160305,51.50639535,13.45143087,46.86290829,1.07993073,0.861867704,1.008757942,1.033192376
26/06/2017,2.482595935,1.01,9.119733925,23.69121117,33.37698898,18.63597942,3.113099499,14.5048976,87.87200531,17.30510297,40.87931034,64.92269696,38.98731678,6.285331133,47.1994186,12.17976622,43.54396985,1.080271765,0.866407263,1.030841682,1.039843871
27/06/2017,2.556719722,1.01,8.988913525,21.51985843,35.87392901,18.236637,3.118826056,15.67408727,92.29323828,19.38352265,38.98275862,60.58755248,48.1525088,6.780482773,47.51569767,11.7343813,43.38976131,1.071551003,0.875486381,1.020477509,1.030975173
28/06/2017,2.579097092,1.01,9.501108647,22.92007471,40.13831089,19.43466425,3.387258411,16.39626002,96.29998066,19.15760747,39.65517241,68.58360089,59.08023773,7.068495977,49.62034884,12.89721886,44.04130025,1.080989268,0.883268482,1.000546248,1.033192376
29/06/2017,2.543567758,1.02,9.106430155,21.57845065,37.07221542,18.0369658,3.2226199,15.77649154,91.0497665,17.66656726,38.89655172,63.3232897,68.87994303,6.692387044,47.58255814,11.70455462,41.68043342,1.071692732,0.88845655,0.993371051,1.022106591
30/06/2017,2.484989933,1.01,8.946784922,22.43413291,36.09791922,16.83893855,3.13027917,16.18610864,87.04302412,16.13034402,32,61.33292171,61.54778943,6.336290489,46.3755814,10.87787183,41.28925879,1.073335902,0.90920882,0.967859162,1.021367472
1/07/2017,2.4386225,1.02,8.645232816,18.99164373,33.61077111,15.30812595,2.931997137,14.75601069,76.68075935,16.7177235,43.79310345,56.28327982,56.04867422,5.990715907,42.36104651,9.861346231,40.00376884,1.073335902,0.90920882,0.967859162,1.021367472
2/07/2017,2.510662807,1.02,9.2172949,19.11000786,35.249694,17.10516683,3.062992126,15.44879786,81.24015585,16.35625921,37.89655172,52.92442578,57.10619637,6.228182381,46.31133721,10.3611447,40.74261935,1.073335902,0.90920882,0.967859162,1.021367472
3/07/2017,2.568349143,1,10.29490022,18.96657491,34.62668299,16.43959613,3.123120974,16.09884239,82.20730056,17.2147369,37.25862069,61.28327982,57.9522141,6.015267176,51.35261628,10.58686014,40.82270729,1.07581616,0.916990921,0.96945357,1.035409618
4/07/2017,2.605992007,0.998828,12.26829268,19.00953598,33.45165239,16.83893855,3.254831782,16.30097952,87.31935118,19.51907176,36.53448276,58.65843418,54.85014911,5.822364349,54.75290698,10.37887948,39.99827261,1.07581616,0.916990921,0.96945357,1.035409618
5/07/2017,2.606342592,0.99646,11.79379157,18.12534408,32.89718482,16.5061532,3.272727273,18.65360641,82.75995468,20.60346464,33.32758621,56.8174858,56.61268604,5.838869404,50.74476744,10.25433293,40.28313442,1.077379608,0.899481193,0.948725144,1.020628545
6/07/2017,2.612923582,1,11.33702882,16.34948879,33.11505508,16.77238148,3.587687903,18.98219056,85.93771588,19.60943783,35.25862069,53.62632749,55.27315797,5.937899732,49.21715116,10.24506247,39.98759422,1.067285845,0.901426719,0.961481129,1.001043775
7/07/2017,2.522873198,1.01,10.32815965,13.12976799,30.10893513,15.17501181,3.16750179,17.49421193,67.97645693,17.03400475,29.01724138,46.5650778,47.72949993,5.131627811,45.6119186,8.22853688,37.60678392,1.074119841,0.889753567,0.947130656,1.007325672
8/07/2017,2.575641321,0.999725,11.56097561,15.16476602,30.80783354,14.7756694,3.299928418,18.6286732,68.39094753,17.75693334,28.12068966,47.38602124,52.52360037,5.134309882,46.07703488,8.704957678,37.08134422,1.074119841,0.889753567,0.947130656,1.007325672
9/07/2017,2.52265283,1.01,10.99334812,13.34644121,29.6376989,13.77731336,3.210450966,17.42119323,59.13399099,16.94363868,26.82758621,41.93628056,48.64601913,4.981019187,44.4747093,7.859330915,36.65452261,1.074119841,0.889753567,0.947130656,1.007325672
10/07/2017,2.376528803,1.01,10.32815965,10.72158867,26.35985312,10.84880231,2.863994273,15.52983081,42.00171323,12.74161629,19.25862069,34.9456656,42.51239063,4.100061894,38.38604651,6.101168884,31.90405151,1.075116373,0.893644617,0.926402231,0.99660933
11/07/2017,2.34170064,1.01,10.05099778,9.687573732,24.16156671,9.650775057,2.658554044,14.75779163,41.17273205,11.70240645,18.37931034,30.50654483,38.07079758,3.680008253,34.68110465,5.851672713,29.05449121,1.074274857,0.904020752,0.947130656,0.996239809
12/07/2017,2.402852764,0.997456,10.80931264,11.08415258,28.24602203,11.71404421,2.891195419,16.01869991,60.1011357,13.78082613,29.87931034,36.02568535,46.74247925,4.358159686,38.90726744,7.217654172,32.24780151,1.0821231,0.90077821,0.954305933,1.008434196
13/07/2017,2.36184428,1,10.27272727,10.25688164,25.67074663,11.78060128,2.736578382,15.24844167,50.84417917,13.10308058,27.18965517,32.54186219,44.34542904,3.943676501,35.74215116,6.993550988,31.53407663,1.084151597,0.902723735,0.942347112,1.01028184
14/07/2017,2.237075917,1,9.490022173,9.059476996,24.43818849,10.38290282,2.539727989,14.34372217,45.45580149,10.97947786,25.77586207,29.95258088,39.05781826,3.66102744,34.15639535,6.578395808,29.95744347,1.089218409,0.912451362,0.928793963,1.020259024
15/07/2017,2.00220368,1,8.629711752,7.501376327,20.88861689,9.31798971,2.29706514,12.47907391,44.07416618,9.217339442,22.06896552,25.34699926,35.46224293,3.302455127,32.40639535,7.101168884,26.78847362,1.089218409,0.912451362,0.928793963,1.020259024
16/07/2017,1.93304819,0.999161,9.070953437,7.294632324,19.26070991,9.31798971,2.106657122,11.81121995,39.79109674,8.901058187,19.68965517,23.43245246,35.53274441,3.424386218,28.28313953,6.3095526,23.25,1.089218409,0.912451362,0.928793963,1.020259024
17/07/2017,2.23213767,0.996888,9.461197339,9.035981125,23.6744186,11.71404421,2.493199714,13.69991095,53.60744978,11.38612519,23.86206897,26.4097308,40.67935223,3.76542191,38.8747093,7.502619911,27.9348304,1.089160831,0.907911803,0.937563728,1.028019005
18/07/2017,2.322759008,0.998216,9.822616408,9.705367676,28.68910649,11.91371542,2.604151754,14.07569012,57.75235569,12.78679932,23.87931034,30.96764633,42.44188916,4.112234372,38.46715116,7.523579202,29.63536432,1.089811899,0.911154345,0.949522388,1.026171361
19/07/2017,2.277232979,1,9.059866962,9.870723555,24.44308446,10.91535937,2.509663565,13.8601959,53.19295919,11.92832163,22.34482759,27.3805878,41.45486848,3.754693625,36.86773256,6.955259976,26.4428392,1.095667079,0.922827497,0.950319633,1.033931457
20/07/2017,2.822313263,0.986866,9.982261641,12.69101455,27.81640147,12.97862853,2.884753042,16.79341051,74.33197933,14.68448686,24.01724138,33.86638676,50.83156492,4.269445018,44.21133721,7.601370415,29.56893844,1.095498775,0.918936446,0.951116877,1.028758085
21/07/2017,2.672222612,0.997202,10.14634146,12.68039717,26.72093023,12.57928611,2.887616321,16.55031167,85.93771588,14.63930382,23.84482759,36.11978266,52.31209594,4.163400041,41.8,7.739218057,28.6758794,1.095095734,0.904020752,0.959089397,1.028019005
22/07/2017,2.814820751,0.9932,10.32372506,16.42607157,28.08812729,15.17501181,3.200429492,17.39180766,93.67487358,17.62138423,27.0862069,45.64781428,60.77227318,4.458427894,51.38604651,9.220878678,30.3580402,1.095095734,0.904020752,0.959089397,1.028019005
23/07/2017,2.734967396,0.997761,9.76940133,14.25855289,27.65605875,14.04354163,3.054402291,17.01068566,85.24689823,16.49180832,29.0862069,42.28945419,60.41976579,4.423767279,48.29534884,8.774284563,30.63096734,1.095095734,0.904020752,0.959089397,1.028019005
24/07/2017,2.759468312,0.993997,9.847006652,13.43895006,27.50428397,14.7756694,3.262705798,18.16740873,79.72035701,15.90442884,27.65517241,41.99407261,59.64424955,4.266969259,49.31511628,9.111245466,30.15106784,1.093930898,0.905317769,0.958292153,1.026540998
25/07/2017,2.580789919,0.999802,9.365853659,10.84880063,25.30110159,13.57764215,2.911954188,17.41050757,66.59482163,13.14826362,23.10344828,33.32551247,51.8185856,3.800082525,45.99011628,7.477226925,27.96859296,1.097128659,0.918287938,0.936766484,1.028019005
26/07/2017,2.533681248,0.996955,9.363636364,10.98604011,24.96328029,13.04518559,3.27845383,17.30810329,69.91074636,12.380152,21.96551724,33.40133366,50.54955901,3.92160099,45.48343023,7.609028617,27.29616834,1.097438691,0.929961089,0.94394168,1.034670461
27/07/2017,2.676249336,0.997275,9.34368071,11.27418403,25.00856793,13.04518559,3.238367931,17.28317008,68.66727459,12.42533503,22.46551724,34.40800198,54.42714025,3.83536208,49.55668605,7.384925433,27.2388505,1.096371295,0.935149157,0.964670185,1.035779139
28/07/2017,2.813708894,1,9.00443459,10.64038537,23.6376989,12.24650076,3.146743021,16.52804987,63.69338749,13.55491094,22.86206897,32.75030872,49.9855472,3.673406231,48.19011628,6.836356308,26.05794598,1.094900856,0.941634241,0.960683885,1.033192376
29/07/2017,2.731010788,0.996619,9.11751663,10.59880063,25.18849449,12.44617197,3.141732283,16.49599288,72.12136285,12.96753147,21.03448276,32.98394665,51.18407231,3.905302249,49.47587209,7.032245062,26.67572236,1.094900856,0.941634241,0.960683885,1.033192376
30/07/2017,2.761792193,0.998868,8.962305987,10.45123869,24.23255814,11.91371542,2.836077309,15.38913624,67.00931222,12.28978592,21.39655172,31.07458632,50.40855606,3.619145863,46.65697674,6.442563482,25.9236809,1.094900856,0.941634241,0.960683885,1.033192376
31/07/2017,2.88014985,1,9.538802661,10.65110106,24.95348837,12.84551439,2.85182534,15.89581478,69.08176518,12.56088414,20.94827586,30.64682638,51.67758265,3.63771405,47.98488372,6.487303507,26.28548995,1.09410363,0.947470817,0.967859162,1.033931457
1/08/2017,2.722807088,0.996819,9.543237251,13.08955958,27.75642595,13.64419922,3.160343593,16.45146928,81.79280997,13.60009398,22.51724138,32.19165226,55.41416093,3.96822777,52.63197674,7.228133817,27.80354899,1.096783194,0.934500649,0.966264594,1.038735346
2/08/2017,2.715204391,1,9.341463415,14.67351553,26.92166463,13.77731336,3.123120974,16.28940338,76.95708641,15.8592458,21.0862069,33.54630773,57.17669785,3.902207551,63.87180233,7.421604192,27.1848304,1.097323536,0.940985733,0.971845302,1.029866726
3/08/2017,2.809421734,0.969304,9.503325942,14.22915847,27.58139535,13.84387043,3.103793844,16.650935,83.45077233,17.35028601,20.13793103,34.99456656,75.22507597,3.854755519,65.95639535,7.601773478,27.42022613,1.09492743,0.931906615,0.971048138,1.027279924
4/08/2017,2.900734226,1,9.634146341,13.90749115,27.30354957,13.84387043,3.229778096,16.64915405,91.32609356,16.58217439,22.36206897,37.86342307,73.53304052,3.853105013,65.18604651,8.964530431,27.28376256,1.096995788,0.936446174,0.971048138,1.030975173
5/08/2017,3.258351447,0.998314,10.3902439,14.31665356,31.39657283,14.50944112,3.477451682,17.26001781,98.37243361,19.51907176,24.18965517,41.91528773,98.84307076,4.281411182,66.46976744,9.66706973,29.01020729,1.096995788,0.936446174,0.971048138,1.030975173
6/08/2017,3.219316258,1,10,13.21765631,32.01591187,14.37632698,3.423765211,16.84149599,92.8458924,23.54036201,23.36206897,37.55421092,107.2327465,4.256240974,72.18546512,9.149939541,28.33605528,1.096995788,0.936446174,0.971048138,1.030975173
7/08/2017,3.384592269,0.996254,10.15521064,14.42371215,32.94736842,14.24321284,3.594130279,17.55921638,105.2806101,25.48323258,24.77586207,38.42850086,131.696759,4.304518259,81.48866279,8.94598952,28.11259422,1.098802833,0.935797665,0.958292153,1.029866726
8/08/2017,3.425660854,1,10.7827051,13.65080613,36.32435741,15.70746837,3.717967072,18.15138023,108.7346984,24.44402274,24.84482759,39.35169178,128.8061985,5.064576026,79.98343023,9.5675131,30.24277638,1.096149843,0.934500649,0.955103177,1.025062836
9/08/2017,3.348061262,1,10.64523282,13.85165159,36.23378213,15.17501181,3.64781675,17.73909172,104.0371384,23.81146023,23.98275862,37.46233638,153.3407125,5.011347225,81.36133721,9.268843208,28.72911432,1.09575123,0.939688716,0.971845302,1.022106591
10/08/2017,3.386936183,0.992991,10.31042129,13.52585529,36.21664627,14.50944112,3.541159628,17.89492431,109.2873525,25.30250043,22.62068966,39.50037046,255.0743438,4.753455746,85.50436047,8.870213624,28.32898869,1.079890869,0.924773022,0.993371051,1.014346649
11/08/2017,3.656726734,1,10.44345898,13.74655918,37.80416157,14.57599819,3.625626342,18.32502226,104.727956,25.03140221,27.65517241,46.97678439,236.179948,4.83536208,85.81773256,8.657799274,28.15750628,1.081268297,0.930609598,0.992573728,1.008064752
12/08/2017,3.891208318,1,10.29490022,13.5118954,38.01713586,15.57435423,3.534001432,18.2983081,93.81303711,22.81743342,25.72413793,42.44406026,258.1059073,4.607179699,80.83866279,8.148730351,27.30103643,1.081268297,0.930609598,0.992573728,1.008064752
13/08/2017,4.080073723,0.998616,10.15742794,13.80249705,36.48225214,14.90878354,3.418754474,17.64648264,90.08262179,21.64267447,25.17241379,38.83428007,328.8893902,4.421497834,74.80784884,7.355904877,26.39635678,1.081268297,0.930609598,0.992573728,1.008064752
14/08/2017,4.33236505,0.998163,10.15521064,13.15011797,36.73194614,15.17501181,3.561202577,17.75957257,83.58893586,21.32639322,22.70689655,36.64682638,334.3885054,4.337322055,74.43255814,7.102781137,26.69456658,1.092128282,0.915693904,0.984601367,1.025432357
15/08/2017,4.188925506,1,9.603104213,12.9360991,35.47368421,14.44288405,3.488904796,18.12288513,84.14158999,21.64267447,23.82758621,37.07532724,334.8115143,4.377346812,72.07209302,7.026602177,25.31736809,1.091583512,0.915693904,0.978223414,1.021737108
16/08/2017,4.383951199,1,9.789356984,12.79296107,36.99755202,14.90878354,3.491768074,20.66073019,83.58893586,21.82340662,23.96551724,35.02198074,321.0637263,4.47183825,75.00348837,7.135026199,25.1933103,1.093133673,0.90920882,0.988587507,1.025062836
17/08/2017,4.338936023,1.01,9.736141907,12.13350374,36.89840881,13.84387043,3.396564066,20.8032057,84.97057117,20.69383071,22.36206897,33.22499383,286.8705099,4.310913967,71.20784884,6.983877469,24.73272613,1.076259063,0.907911803,0.994168375,1.01841138
18/08/2017,4.167579858,1.01,10.48337029,11.44081793,36.17992656,13.37797094,3.342161775,19.9715049,77.64790406,19.42870569,20.60344828,31.6495431,273.8982382,4.1471013,70.71046512,6.788391778,24.95021985,1.074283715,0.926718547,0.979817823,1.008803756
19/08/2017,4.200715194,1,10.08425721,12.22040897,36.41003672,18.96876477,4.005726557,25.7079252,78.20055818,20.01608516,20.15517241,31.20375401,281.7944036,4.814111822,74.45843023,6.655783958,24.34940327,1.074283715,0.926718547,0.979817823,1.008803756
20/08/2017,4.094497811,0.996629,10.25055432,13.43314982,36.89473684,22.62940358,3.916249105,26.19768477,79.16770289,21.95895573,20.86206897,32.67819215,269.2451407,4.973591913,78.90726744,7.106408706,24.92697864,1.074283715,0.926718547,0.979817823,1.008803756
21/08/2017,4.008434085,0.999263,10.62971175,12.99036571,39.3623011,18.0369658,5.570508232,24.89581478,75.5754511,19.83535302,20.53448276,32.05038281,248.8702138,4.932122963,73.38837209,7.961708988,30.13787688,1.075532702,0.91309987,0.990979319,1.019520021
22/08/2017,4.107379323,1.01,10.36141907,12.67282737,38.52998776,19.36810718,6.525411596,25.95725735,78.47688524,20.15163427,20.75862069,32.65176587,252.7477951,4.697957499,73.8630814,8.715840387,37.5763191,1.086224384,0.916342412,0.983804043,1.016933373
23/08/2017,4.158464636,1,11.80709534,13.41378293,38.86413709,20.29990615,6.465998568,26.05253785,81.24015585,20.78419678,23.22413793,34.07162262,282.005908,4.710129977,72.55901163,8.15114873,38.76052136,1.082472994,0.922178988,0.987790343,1.026910519
24/08/2017,4.341931025,1,11.1286031,13.60361777,39.85434517,24.42644445,6.176807445,28.08281389,82.89811821,22.68188431,24.44827586,33.65942208,296.4587108,4.706210027,77.18372093,7.667875857,34.38410804,1.080227475,0.92153048,0.990182075,1.023584829
25/08/2017,4.378912784,1,11.3481153,12.87632717,40.62668299,28.75265396,7.749463135,28.12911843,83.72709939,23.81146023,23.75862069,33.9291183,284.1209523,4.907365381,78.62848837,8.261588069,34.20665829,1.08203452,0.920233463,0.989384831,1.028019005
26/08/2017,4.359680667,0.998932,11.47450111,13.6179709,40.86658507,37.60474419,9.881889764,35.60552093,87.04302412,24.03737541,24.15517241,33.91578167,272.0651998,6.079017949,78.02122093,8.548166062,33.38206658,1.08203452,0.920233463,0.989384831,1.028019005
27/08/2017,4.390211653,1,13.56097561,13.64490759,42.58139535,45.65814958,9.354330709,32.3143366,96.29998066,23.63072808,25.29310345,33.98765127,282.6404213,5.639983495,79.8375,7.974607013,31.87735553,1.08203452,0.920233463,0.989384831,1.028019005
28/08/2017,4.389991285,1,13.827051,14.19661817,42.56425949,41.99751077,10.40801718,31.77025824,100.030396,23.76627719,29.34482759,34.55865646,271.0781791,5.665772643,80.88866279,8.272873841,35.25565327,1.082561575,0.918287938,1.025260974,1.020628545
29/08/2017,4.586679755,1,14.00665188,13.70703893,45.36964504,40.13391282,9.522548318,32.01691897,96.16181713,24.62475488,32.62068966,34.80587799,237.3079716,5.576645348,82.47587209,8.1031842,34.32223618,1.083473955,0.916342412,1.03642247,1.019520021
30/08/2017,4.572936804,1,14.22838137,13.54836807,46.32680539,39.60145627,9.476020043,32.79964381,101.2738677,24.76030399,46.06896552,35.74166461,233.3598889,5.604291314,85.99331395,8.554615075,35.80496231,1.088474332,0.910505837,1.035625226,1.025801917
31/08/2017,4.711257801,1,15.75609756,13.73505702,46.88372093,47.18896218,10.05082319,33.68833482,100.5830501,26.83872367,42.0862069,36.31217585,233.7828978,5.844646173,98.02703488,9.030632809,40.14290201,1.09470155,0.937743191,1.044394991,1.03134481
1/09/2017,4.900193323,1,19.07760532,14.49331498,47.45899633,49.3187884,10.10737294,35.02671416,100.1685595,25.93506294,41.93103448,41.81995554,225.6752279,6.294821539,96.60174419,9.654977832,39.01994347,1.096871775,0.939040208,1.038814123,1.035039982
2/09/2017,4.586429337,1.02,17.5210643,13.76602438,42.71481028,44.72635061,8.933428776,31.18165628,87.59567824,23.63072808,34.89655172,36.79328229,223.6306851,5.240973798,86.0127907,8.398629585,35.59500628,1.096871775,0.939040208,1.038814123,1.035039982
3/09/2017,4.590626346,1,17.03769401,13.79846638,42.53121175,47.12240511,9.020042949,31.73552983,91.0497665,23.49517897,37.60344828,34.932082,213.7604783,5.365999587,89.32093023,8.583635631,35.93137563,1.096871775,0.939040208,1.038814123,1.035039982
4/09/2017,4.243396472,1.03,14.45898004,11.58051514,36.12851897,39.00244264,7.599856836,28.15048976,79.72035701,21.055295,32.43103448,27.41318844,153.9047243,4.504642047,79.4244186,7.103990326,32.18718593,1.096871775,0.939040208,1.038814123,1.035039982
5/09/2017,4.383851031,1,15.80709534,12.81154149,38.30966952,40.46669817,8.505368647,29.13891362,83.3126088,22.50115217,33.56896552,30.15164238,160.7433676,4.680833505,83.20552326,7.483675937,33.79224246,1.088589486,0.944228275,1.058745384,1.032453412
6/09/2017,4.604810033,1.01,17.76274945,14.61836414,40.92288862,46.32372027,8.706513958,30.91451469,85.93771588,23.31444682,34.96551724,39.5505063,150.5911549,5.096141943,87.77354651,8.200725514,35.51915829,1.091995412,0.95460441,1.033233414,1.035039982
7/09/2017,4.60757465,1,17.40133038,15.29915454,40.32190942,49.78468788,8.649964209,30.62422084,85.24689823,22.50115217,34.12068966,35.23363794,217.0035462,5.102331339,85.28372093,8.099959694,35.11934673,1.091800534,0.953307393,1.045989399,1.041322032
8/09/2017,4.235823826,1.01,15.03104213,13.31576878,36.29130967,45.99093493,8.449534717,29.67141585,78.89137583,20.33236642,29.44827586,27.36379353,175.2666718,4.414895812,78.09331395,7.032245062,33.21576633,1.09017508,0.939688716,1.038814123,1.042800078
9/09/2017,4.233129326,1,14.63636364,12.71608337,36.03427173,45.92437786,8.322834646,28.7747106,79.58219348,20.15163427,30.29310345,27.42677204,154.8212435,4.410769548,77.69302326,6.890366788,32.97660176,1.09017508,0.939688716,1.038814123,1.042800078
10/09/2017,4.129836828,1.01,13.66075388,12.53598112,35.34271726,43.72799457,8.040801718,28.5048976,80.96382879,19.92571909,26.98275862,25.02963695,160.3908602,4.392613988,74.70203488,6.557436518,33.45336055,1.09017508,0.939688716,1.038814123,1.042800078
11/09/2017,4.168230946,1,14.64301552,13.03853716,36.0501836,44.59323647,8.070866142,28.35262689,77.371577,19.65462087,30.46551724,27.95011114,154.2572317,4.30720033,73.26337209,6.849254333,33.67478015,1.101991735,0.940985733,1.007721524,1.051668622
12/09/2017,4.137719992,1.01,14.24168514,12.30800236,35.6744186,46.72306269,8.009305655,29.02671416,76.40443229,19.79016998,30.55172414,29.6883181,147.8415973,4.286569012,72.40523256,6.579604998,32.86793342,1.105698835,0.944228275,1.018085777,1.03947435
13/09/2017,3.889084772,1,13.68736142,11.48525364,33.91799266,43.72799457,7.969219757,26.82902939,69.21992871,17.84729941,26.62068966,27.90911336,141.4259629,4.068908603,67.97238372,6.17815397,31.52920854,1.106535922,0.953955901,1.001343572,1.036887625
14/09/2017,3.16022758,1,9.219512195,8.666142352,26.18237454,29.01888224,5.94416607,21.03650935,52.22581447,13.96155827,20.5862069,18.86391702,110.6168174,3.277903858,47.74825581,4.449012495,25.77999372,1.105317938,0.953955901,1.00692428,1.045386687
15/09/2017,3.64360482,1.01,10.68957871,10.03440818,30.65605875,37.1388447,7.14745884,25.32146037,63.83155102,17.07918779,22.48275862,18.70560632,132.1197679,3.735506499,61.55581395,4.875453446,28.47958543,1.107359722,0.95849546,0.999749004,1.04723433
16/09/2017,3.631103944,1,10.70066519,9.81655525,30.17380661,37.00573056,6.821045097,26.6126447,60.65378983,16.98882172,21.70689655,17.8602124,146.3610663,3.558077161,60.41598837,4.715437324,28.12217337,1.107359722,0.95849546,0.999749004,1.04723433
17/09/2017,3.588873419,1.01,10.75166297,10.39785686,30.81395349,37.07228763,6.710093057,27.94657168,61.34460748,16.44662528,22,17.69054087,140.0159333,3.593563029,59.32180233,4.518339379,28.01397613,1.107359722,0.95849546,0.999749004,1.04723433
18/09/2017,4.07200024,1,12.31263858,11.56085332,35.92411261,44.85946475,7.198997853,29.65271594,74.1938158,19.60943783,24.5862069,22.17115337,149.6041342,3.985145451,72.24302326,5.423216445,29.80025126,1.108971889,0.95849546,0.989384831,1.042061113
19/09/2017,3.931535665,1,11.71618625,11.1298663,34.61444308,41.265383,6.994989263,28.87444346,67.00931222,18.79614318,22.82758621,19.61249691,140.5799451,3.884877244,69.08837209,4.753728335,28.9009108,1.11020316,0.95460441,0.989384831,1.035039982
20/09/2017,3.912483848,1,11.47006652,11.42194259,34.72949816,40.33358403,6.841088046,30.49243099,65.62767692,18.38949585,21.93103448,19.53766362,139.2404171,3.875799464,67.36802326,4.931882306,28.59265075,1.110907376,0.96692607,0.979817823,1.032083813
21/09/2017,3.63711398,1,10.33481153,11.37721195,31.6499388,35.87426038,6.173228346,29.39002671,55.67990273,16.44662528,19.5862069,17.06767103,123.0250774,3.623891067,61.2997093,4.272470778,26.9714196,1.107523596,0.964332036,0.972642546,1.029583511
22/09/2017,3.636773412,1,10.66297118,11.6395989,32.35128519,38.27031488,6.311381532,30.86197685,54.29826743,17.03400475,19.63793103,17.09335638,131.7672605,4.040437384,61.23110465,4.343409915,27.24717337,1.108241099,0.966277562,0.982209555,1.023239604
23/09/2017,3.798743902,1,10.92461197,11.73948093,35.02692778,39.80112748,6.57480315,31.23686554,58.44317334,17.93766548,21.96551724,17.43566313,142.2719806,4.213121518,64.59447674,4.79484079,27.93373116,1.108241099,0.966277562,0.982209555,1.023239604
24/09/2017,3.689000631,1,10.55875831,11.37259143,34.5752754,38.27031488,6.40658554,29.55031167,54.85092155,17.93766548,21.01724138,17.17806866,139.522423,4.242417991,62.83546512,4.660620717,27.60474246,1.108241099,0.966277562,0.982209555,1.023239604
25/09/2017,3.932637505,1,11.4368071,12.82451829,35.78090575,40.93259766,6.70293486,30.72929653,58.7195004,19.11242443,22.53448276,20.01877007,183.4448432,4.761089334,67.58895349,4.866182991,28.49984296,1.105778557,0.980544747,1.00293798,1.028837219
26/09/2017,3.898861098,1,11.43015521,13.0617381,35.18237454,40.79948352,6.66642806,30.19590383,60.65378983,21.64267447,22.29310345,19.59199802,185.9828963,4.775531256,66.46686047,4.993147924,29.2272299,1.10585828,0.973411154,0.983804043,1.03032988
27/09/2017,4.207696854,1,12.4789357,17.44239088,37.51162791,42.06406783,7.232641374,30.84861977,65.90400398,23.35962986,25,21.88268708,224.1241954,5.887353002,70.72703488,5.795243853,31.92509422,1.110375892,0.974708171,0.97742609,1.021373835
28/09/2017,4.181713461,1,11.99334812,17.10853323,36.61566707,39.86768455,6.959914102,30.12021371,66.18033104,21.59749144,24.63793103,21.50605088,209.8123956,6.408087477,69.26395349,5.587666264,30.79946608,1.111713459,0.972114137,0.982209555,1.028464073
29/09/2017,4.170033957,0.999863,11.66740576,16.35961463,35.67564259,37.93752953,6.764495347,29.18076581,61.75909807,22.27523699,24.0862069,20.33934305,201.9162301,5.985558077,69.05174419,5.322047561,30.40295226,1.115832459,0.966277562,0.976628846,1.029956734
30/09/2017,4.345967766,0.996488,12.22616408,20.87593394,36.89840881,38.73621437,6.854688618,29.13089938,61.34460748,22.77225039,24,21.16547296,241.1855528,5.725809779,68.36104651,5.585650947,31.01900126,1.115832459,0.966277562,0.976628846,1.029956734
1/10/2017,4.411106548,0.999924,12.09312639,20.14795517,37.00611995,36.67294522,6.672870437,28.12110419,57.06153804,22.45596913,24.29310345,20.17510496,251.8312759,5.445430163,71.56395349,5.517130189,32.43278894,1.115832459,0.966277562,0.976628846,1.029956734
2/10/2017,4.416695882,1,11.83592018,19.0563311,36.41126071,36.07393159,6.552612742,27.48797863,54.02194037,21.91377269,22.70689655,19.31020005,259.0224265,5.314627605,67.27936047,5.224506247,31.82726131,1.120155193,0.955252918,0.981412311,1.028090811
3/10/2017,4.324702253,1,11.6075388,17.47335824,35.79681763,37.93752953,6.654259127,26.37934105,52.64030507,21.37157626,21.82758621,15.29982712,236.9554642,5.218485661,64.75,4.999193873,31.92807789,1.122573444,0.955252918,0.989384831,1.027717742
4/10/2017,4.236434846,1,11.39689579,16.4133897,35.82129743,36.80605936,6.471725125,27.20035619,50.29152505,22.18487091,21.74137931,13.20202519,219.6826024,4.908396947,63.50465116,4.776702942,33.72707286,1.123973018,0.952658885,0.99496554,1.032569065
5/10/2017,4.335650536,1,11.45676275,18.47267007,36.2129743,36.00737452,6.575518969,27.19501336,49.18621681,22.45596913,21.70689655,14.60088911,227.5787678,5.25727254,61.35813953,5.875050383,37.21984925,1.13031982,0.966277562,0.996560028,1.036673788
6/10/2017,4.378121463,1,11.55654102,18.83267794,37.77111383,35.54147504,6.527559055,27.32680321,50.9823427,22.45596913,22.17241379,14.86194122,236.3209509,5.314833918,61.43139535,7.417573559,36.75235553,1.129106266,0.948767834,1.006127036,1.033315357
7/10/2017,4.434295273,0.99932,11.65853659,19.51808887,38.08078335,34.543119,6.564065855,27.64826358,54.1601039,22.68188431,22.43103448,14.31316374,254.7923379,5.239942232,61.68284884,8.447803305,37.47016332,1.129106266,0.948767834,1.006127036,1.033315357
8/10/2017,4.618192381,0.998442,11.7827051,16.63429021,37.77356181,31.01559432,6.42591267,26.93499555,48.49539915,20.0612682,22.25862069,13.21709064,226.0982368,4.973385599,56.62994186,7.496170899,43.96105528,1.129106266,0.948767834,1.006127036,1.033315357
9/10/2017,4.780002604,0.99978,11.12195122,17.87052694,36.4002448,31.2818226,6.119541875,25.26001781,46.28478267,18.66059407,23.13793103,10.83971351,205.1592981,4.734681246,56.66598837,7.094316808,39.54538317,1.127068911,0.949416342,1.004532548,1.035554349
10/10/2017,4.789989282,0.999441,11.24611973,19.66810853,36.70379437,32.74607812,6.214745884,25.93677649,46.97560032,18.61541103,23.01724138,11.86737466,206.6398291,4.86197648,61.02005814,7.639258364,40.94425251,1.129686469,0.964980545,1.00692428,1.038166603
11/10/2017,4.834553705,0.998625,11.28381375,20.17263075,37.14320685,35.67458918,6.257695061,26.57168299,48.49539915,18.88650925,25.0862069,12.11187948,211.2224251,4.8716732,62.44505814,7.839580814,41.52622487,1.131723823,0.968223087,1.00692428,1.042271441
12/10/2017,5.456021556,0.997423,13.32815965,21.53086905,37.22643819,33.14542054,6.234073014,25.9937667,43.10702147,16.67254046,24.53448276,12.13089652,198.6731622,4.683309263,59.92645349,7.168077388,39.00973618,1.129814911,0.963683528,1.009316013,1.04824228
13/10/2017,5.656656617,1,13.17738359,22.44956744,41.46389229,32.61296399,6.809591983,27.63846839,43.38334853,17.93766548,24.36206897,13.23240306,206.921835,4.952547968,61.50261628,7.239016526,40.90593593,1.130807014,0.974059663,0.994168375,1.050481272
14/10/2017,5.841545381,0.999709,14.17960089,25.24685411,41.57037944,31.88083622,7.174659986,28.20035619,39.37660615,18.07321459,25.01724138,12.62163497,195.9941061,4.969878275,61.21540698,7.062474809,40.40829146,1.130807014,0.974059663,0.994168375,1.050481272
15/10/2017,5.68768844,0.999242,14.51662971,25.70448289,41.1995104,32.67952106,6.790980673,27.56099733,41.58722264,17.16955386,24.31034483,12.49864164,195.5005957,4.799463586,60.26162791,7.627972592,41.45461683,1.130807014,0.974059663,0.994168375,1.050481272
16/10/2017,5.73516773,0.99801,14.32815965,24.72443964,40.80538556,33.0123064,6.864710093,26.9109528,41.17273205,18.16358067,25.03448276,13.88219313,201.1407139,4.807303487,64.87819767,14.85892785,40.23743719,1.132786791,0.97924773,0.99496554,1.046003249
17/10/2017,5.614886861,0.999335,13.18847007,24.10666536,38.81028152,33.94410537,6.534001432,26.70347284,42.27804029,17.7117503,24.12068966,13.63176093,221.3746378,4.771611306,63.43226744,18.47722692,36.44221106,1.133548584,0.977950713,0.981412311,1.04712261
18/10/2017,5.60004207,1,13.46563193,22.5595753,38.47246022,34.21033365,6.409448819,26.47016919,44.48865677,18.25394674,24.20689655,13.87922944,209.1778823,4.730761296,64.04534884,14.16082225,34.31532663,1.1343901,0.976653696,0.986993099,1.046376395
19/10/2017,5.718069176,1,13.24611973,21.65778608,37.70991432,33.14542054,6.343593414,26.31077471,42.69253088,17.57620119,25.24137931,12.91874537,202.0572331,4.746647411,64.10784884,12.57355905,33.78611809,1.134762139,0.968223087,0.989384831,1.042644626
20/10/2017,6.021505915,1,13.37694013,21.55416831,37.21052632,32.81263519,6.48103078,25.75155833,40.89640498,16.53699135,26.05172414,12.34304767,195.6415987,4.590880957,62.7752907,10.78436114,33.06359925,1.140568599,0.973411154,0.986993099,1.037047088
21/10/2017,6.041689622,1,12.90465632,20.08041683,36.74296206,31.34837967,6.307802434,24.74265361,41.72538617,16.17552706,25.68965517,13.3408249,191.2705071,4.383329895,61.8244186,14.68319226,33.13693467,1.140568599,0.973411154,0.986993099,1.037047088
22/10/2017,6.018470846,1,12.59645233,20.17145104,36.1627907,31.54805088,6.197566213,24.55031167,43.52151206,16.17552706,25.72413793,12.99259076,202.9737523,4.409531669,61.6130814,12.60338573,32.06297111,1.140568599,0.973411154,0.986993099,1.037047088
23/10/2017,5.940240201,0.996536,12.17738359,19.04571372,35.12239902,31.34837967,6.099498926,25.30988424,46.69927326,16.58217439,22.81034483,12.31390467,193.9495632,4.260779864,57.86424419,13.63643692,30.92462312,1.1360377,0.974059663,0.97742609,1.032942211
24/10/2017,5.535884928,1,12.40798226,20.91968148,36.51529988,36.80605936,6.327845383,26.10863758,55.26541214,16.98882172,24,13.10669301,212.5619532,4.457190014,61.80697674,14.77186618,32.45037688,1.137875748,0.984435798,0.979817823,1.026598227
25/10/2017,5.760419901,1,12.52549889,19.91624066,36.46634027,34.60967607,6.308518253,25.74710597,67.97645693,16.7177235,24.06896552,12.91429983,201.2112154,4.49123169,60.02761628,14.10882709,32.13002513,1.132569768,0.981841764,0.963075617,1.023612827
26/10/2017,5.914707562,0.999868,12.35920177,19.05583956,36.29498164,34.47656193,6.340730136,25.47907391,60.65378983,16.35625921,23.13793103,12.90614967,199.7306844,4.820920157,57.8502907,13.9242241,31.97675879,1.134009204,0.988326848,0.96945357,1.015776181
27/10/2017,5.790570252,1,12.26829268,19.49773889,36.40391677,33.0123064,6.209735147,24.97595726,60.79195336,15.99479491,23,13.07137565,202.7622479,5.044769961,57.54069767,13.79927449,31.84437814,1.143164011,0.998054475,0.97742609,1.020627543
28/10/2017,5.762713732,1,12.12638581,18.77801809,36.26682987,31.14870846,6.178239084,24.54942119,59.27215452,15.63333062,22.79310345,12.76043468,192.8215396,4.767278729,57.33604651,12.51027811,31.69519472,1.143164011,0.998054475,0.97742609,1.020627543
29/10/2017,6.164144121,1,12.66297118,19.7251278,37.34271726,32.47984985,6.345740873,25.28317008,55.81806626,15.99479491,24.68965517,13.52704371,195.7121002,4.834536827,58.52819767,12.22531237,31.84437814,1.143164011,0.998054475,0.97742609,1.020627543
30/10/2017,6.140785111,1,12.50332594,19.37406606,37.66829865,32.81263519,6.359341446,25.46215494,52.7784686,15.7236967,23.65517241,14.05359348,202.9737523,4.97668661,58.26017442,12.81902459,31.83275754,1.13951449,1.000648508,0.97343979,1.01913465
31/10/2017,6.479220298,1,12.36141907,19.6212151,37.43941248,31.54805088,6.273443092,24.85752449,46.4229462,14.63930382,24.31034483,18.08397135,200.717705,4.807303487,54.29389535,11.76219266,31.4946608,1.140590744,1.003891051,0.967859162,1.019507873
1/11/2017,6.778630313,1,11.79157428,20.1829532,35.70257038,30.01723828,6.136005727,24.18165628,42.55436735,13.05789754,24.32758621,15.76191652,189.3669672,4.588611512,48.44331395,11.02498992,30.48429648,1.142406647,1.003891051,0.966264594,1.02398605
2/11/2017,7.090340869,1,12.13747228,24.21126622,35.18115055,28.81921103,5.995705082,23.62511131,39.79109674,14.41338864,21.12068966,14.1242282,172.7286187,4.500928409,48.51366279,11.127368,32.32741834,1.14262367,1.00843061,0.956697665,1.032569065
3/11/2017,7.219817095,1.01,12.45676275,21.05269367,37.41860465,30.21690949,6.298496779,24.80765806,43.245185,16.62735742,21.12068966,14.00666831,189.0849613,4.799463586,49.92093023,11.19669488,32.68420226,1.146162466,1.018806744,0.971048138,1.03032988
4/11/2017,7.392295133,1,12.20399113,19.7802792,36.77723378,30.54969484,6.249105225,24.45948353,41.31089558,16.35625921,21.62068966,14.62953816,186.7584126,4.753249433,49.66424419,11.00120919,31.99591709,1.146162466,1.018806744,0.971048138,1.03032988
5/11/2017,7.419801068,0.9988,12.13968958,19.6731223,36.2619339,29.5513388,6.181102362,24.32502226,42.00171323,15.58814759,21.5,14.68115584,185.9828963,4.649267588,52.41540698,10.78798871,31.72974246,1.146162466,1.018806744,0.971048138,1.03032988
6/11/2017,7.034507628,1,12.23281596,19.30790405,36.58384333,30.54969484,7.367215462,24.54853072,41.58722264,15.90442884,20.55172414,14.7466041,185.5598875,4.718176191,54.25639535,11.64046755,32.34767588,1.147619617,1.040207588,0.970250814,1.037047088
7/11/2017,7.156331073,1.01,13.59201774,20.08651199,36.06609547,34.543119,7.141016464,26.12466607,41.72538617,16.67254046,22.27586207,16.05976784,184.9253742,4.969465649,52.39709302,12.37363966,33.03297739,1.147402595,1.03307393,0.97343979,1.045630026
8/11/2017,7.472168521,1.01,13.87361419,23.04944947,37.82986536,40.26702696,8.11095204,28.1682992,48.77172622,20.33236642,21.86206897,16.77624105,216.22803,5.170208376,56.48023256,13.60862555,34.14525754,1.149059052,1.029182879,0.968656326,1.050108126
9/11/2017,7.155529735,1.01,14.25055432,23.65198584,39.2753978,42.92930974,8.645669291,29.03027605,51.81132388,22.18487091,23.4137931,20.45566807,224.8997116,5.405405405,64.22296512,16.10076582,34.15326633,1.144736318,1.031128405,0.959089397,1.050854418
10/11/2017,6.629210782,1.01,13.13968958,21.17823437,36.62790698,37.53818712,7.558339298,29.34728406,44.21232971,19.15760747,21.32758621,18.49888861,198.6731622,4.907778007,56.07645349,13.33051189,32.42509422,1.143708782,1.028534371,0.960683885,1.052347234
11/11/2017,6.368234952,1.01,13.81374723,21.62583563,38.51652387,38.46998609,8.562634216,30.81567231,45.59396502,18.61541103,20.70689655,20.27636453,201.1407139,5.232102331,55.93837209,13.32245062,33.04491206,1.143708782,1.028534371,0.960683885,1.052347234
12/11/2017,5.960023239,1.01,13.08425721,18.89441604,37.6878825,36.60638815,8.866141732,47.73998219,39.79109674,16.7177235,17.86206897,19.53889849,190.071982,5.955642666,52.44360465,11.35912938,30.98916457,1.143708782,1.028534371,0.960683885,1.052347234
13/11/2017,6.570462673,1.01,13.61419069,20.30367676,38.76621787,42.19718197,8.83321403,38.05609973,44.48865677,19.88053605,19.86206897,20.0417387,200.2241947,5.476583454,56.00639535,12.35630794,31.94755025,1.144833756,1.02464332,0.962278293,1.057571549
14/11/2017,6.64685024,1.01,13.89800443,22.06802989,41.3255814,47.25551924,8.758052971,38.07123776,49.87703446,22.72706735,19.44827586,20.68560138,209.6008911,5.600165051,56.53168605,14.66102378,32.94990578,1.142189625,1.00843061,0.96546735,1.055332557
15/11/2017,7.327777388,1,14.15077605,22.5627212,40.80293758,56.24072361,8.687902649,37.79252004,51.53499682,22.81743342,21.20689655,22.11039763,206.921835,5.994635857,56.36017442,14.93470375,33.44158291,1.135878255,1.00843061,0.964670185,1.04525688
16/11/2017,7.884857712,1,15.75609756,22.52251278,40.50428397,55.97449533,8.61202577,37.23775601,45.73212855,21.50712536,21.53448276,20.59076315,202.339239,6.084382092,57.20552326,15.0076582,35.66378769,1.145188079,1.004539559,0.974237114,1.053093449
17/11/2017,7.721885549,1,14.98226164,22.41152182,40.68421053,55.10925343,9.069434503,37.84327694,46.4229462,21.59749144,20.72413793,22.83674981,285.5309819,6.007633588,55.99854651,14.33776703,35.58118719,1.142180766,1.020103761,0.967061918,1.04936168
18/11/2017,7.803181313,1,15.44124169,23.41397955,42.54712362,61.76496037,9.362920544,40.49332146,48.35723562,23.94700933,21.74137931,24.78513213,301.3233127,6.151227563,57.05552326,14.74526401,35.90248116,1.142180766,1.020103761,0.967061918,1.04936168
19/11/2017,8.049933389,1,15.87361419,23.78686591,43.37698898,64.82658556,9.268432355,39.38646483,47.8045815,23.13371468,22.29310345,25.2961225,280.2433711,6.175572519,58.70552326,14.73841193,36.27763819,1.142180766,1.020103761,0.967061918,1.04936168
20/11/2017,8.214357978,1,16.01995565,25.90405033,44.8873929,65.02625676,9.717967072,43.32502226,48.08090856,23.81146023,22.0862069,31.16201531,251.267264,6.234165463,61.93052326,15.36517533,37.49356156,1.143637918,1.013618677,0.971048138,1.046003249
21/11/2017,8.084761552,0.996047,15.52771619,26.44406213,44.1126071,64.42724314,10.1460272,44.00801425,47.8045815,23.44999593,22.44827586,35.5369227,242.243075,5.996286363,58.92790698,15.18258767,36.63175251,1.151118552,1.019455253,0.974237114,1.053839818
22/11/2017,8.267356485,1,15.94013304,29.28440818,46.59118727,57.03940844,11.87902649,51.54496883,51.53499682,23.9018263,26.86206897,33.86811558,252.8182965,6.596451413,59.27063953,17.04917372,37.50926508,1.150254891,1.028534371,0.978223414,1.051227564
23/11/2017,8.052217203,0.994631,16.23503326,27.46834448,50.20440636,49.85124495,11.35361489,50.46126447,55.26541214,23.44999593,30.31034483,34.5359348,246.0501548,6.427687229,58.55726744,16.33817009,38.0656407,1.150254891,1.028534371,0.978223414,1.051227564
24/11/2017,8.26749672,1,17.28824834,26.04689343,58.12851897,52.51352772,11.45526127,50.45681211,58.7195004,23.63072808,27.27586207,33.16127439,245.2746385,7.145863421,60.7875,16.20032245,38.4173995,1.152619994,1.03307393,0.972642546,1.052720226
25/11/2017,8.805625394,1.01,19.6940133,27.3355289,57.07221542,53.51188376,12.05726557,57.30810329,66.18033104,24.17292452,28.29310345,33.08619412,268.8221318,7.111615432,63.51918605,17.58927852,39.63457915,1.152619994,1.03307393,0.972642546,1.052720226
26/11/2017,9.346158084,1.01,19.05321508,32.21244593,57.69033048,49.98435909,11.69434503,55.35351736,63.00256984,25.66396472,28.94827586,33.64114596,271.0076776,7.017536621,62.17616279,19.70818218,39.07317839,1.152619994,1.03307393,0.972642546,1.052720226
27/11/2017,9.834774073,1,20.31042129,33.64461266,58.79559364,52.51352772,12.41159628,56.30454141,74.33197933,25.52841561,30.17241379,37.5329711,282.9224272,7.169589437,65.77965116,24.12051592,39.87547111,1.15217709,1.029182879,0.985398531,1.047869057
28/11/2017,10.0756263,1,21.29268293,35.42685804,57.88249694,51.84795703,14.54617037,55.7809439,89.39180414,26.79354063,30.48275862,43.35095085,268.4696244,7.659170621,72.29127907,32.81539702,46.97738693,1.163524269,1.028534371,0.983006799,1.043390995
29/11/2017,9.905151603,0.990606,18.97339246,29.20988989,52.32802938,45.92437786,12.0365068,60.31967943,66.59482163,23.35962986,27.12068966,33.48653989,227.5787678,6.314627605,63.45523256,25.96694881,38.16959799,1.163094653,1.022049287,0.96546735,1.044510511
30/11/2017,10.2507187,1.01,19.58536585,30.07697601,54.72582619,49.91780202,12.89477452,70.07390917,74.05565227,22.0493218,27.51724138,33.51691776,232.3728682,6.364555395,65.89447674,29.37162435,39.39667085,1.172621499,1.016861219,0.966264594,1.046376395
1/12/2017,10.99395991,1.01,21.95121951,34.32009438,57.10403917,51.44861461,13.6678597,71.01780944,78.06239465,26.20616116,29.75862069,36.40207459,252.6772936,6.931710336,69.64273256,36.22853688,40.15373744,1.170247539,1.029182879,0.952711365,1.048988572
2/12/2017,11.09312552,0.999654,22.23503326,42.38488006,56.72582619,51.24894341,14.53328561,69.31700801,81.65464644,27.60683529,32.93103448,33.89577673,247.2486799,6.79389313,73.3494186,37.81378476,40.12123116,1.170247539,1.029182879,0.952711365,1.048988572
3/12/2017,11.34214138,1,22.45232816,46.62072355,57.01958384,51.51517168,14.31997137,68.4666073,84.55608058,28.01348262,34.39655172,35.67448753,258.1764088,6.659995874,80.20784884,35.88673922,39.66048995,1.170247539,1.029182879,0.952711365,1.048988572
4/12/2017,11.67670009,1,23.11308204,56.51219033,57.55201958,58.37054983,15.04939155,68.92341941,103.3463207,30.22745141,36.55172414,44.05334651,297.3047285,6.818857025,83.10581395,39.34300685,39.81956658,1.169016268,1.014915694,0.939158136,1.043017772
5/12/2017,11.93663418,1,22.70509978,56.18128195,56.70501836,66.15772694,19.28990694,67.35173642,103.0699936,33.57099611,40.93103448,42.08965177,273.6867337,6.671962038,87.59563953,49.78758565,38.64651382,1.164644814,1.014915694,0.926402231,1.034434796
6/12/2017,14.31540673,1.01,22.25055432,49.69593,52.45899633,56.50695189,19.94917681,62.33926981,104.4516289,38.08929975,40.9137931,43.48011855,247.8831932,6.991334846,78.57412791,61.11326078,36.51758794,1.164511943,0.994163424,0.920024199,1.033315357
7/12/2017,17.9296425,1.03,21.79379157,54.72561935,53.17135863,48.98600305,20.10450966,62.1460374,122.1365608,38.49594708,47.37931034,42.99530748,245.7681488,6.362492263,68.6869186,53.62595728,34.99104899,1.167926726,0.998702983,0.922415931,1.035927496
8/12/2017,16.59711719,1.02,27.68292683,55.65837593,55.81762546,53.6449979,19.80959198,64.7079252,124.6235044,37.95375064,47.17241379,45.6495431,255.7088571,6.768516608,185.8863372,55.32446594,39.59249372,1.17435768,1.007782101,0.927199475,1.041898295
9/12/2017,15.20359,1.02,34.42128603,53.87632717,57.95593635,54.64335394,18.79241231,64.43544078,126.5577938,39.39960781,43.94827586,44.1010126,251.7607744,6.532494326,129.5005814,54.46271665,38.42776382,1.17435768,1.007782101,0.927199475,1.041898295
10/12/2017,15.48125369,1.02,32.96230599,48.88212741,54.06609547,52.84631307,17.56120258,61.32413179,127.1104479,44.09864361,42.29310345,41.81872067,234.8404199,6.005776769,114.525,48.07053607,37.2696294,1.17435768,1.007782101,0.927199475,1.041898295
11/12/2017,16.96513177,1.02,47.49445676,60.19868266,63.05263158,54.37712567,20.01932713,68.15672306,148.2494681,50.69536693,44.36206897,44.27093109,252.9592995,6.601196616,142.5959302,58.42644095,39.52434045,1.178117927,1.01232166,0.91842979,1.040778703
12/12/2017,17.44453237,1.08,70.10199557,100.2752654,79.73439412,62.23085985,22.05225483,82.99465717,140.3741468,67.14199221,47.24137931,52.69770314,284.8964686,7.696100681,155.2377907,63.05683192,58.65907663,1.179942688,1.004539559,0.916037978,1.046376395
13/12/2017,16.43564753,1.03,67.09534368,95.35676366,86.01835985,63.29577296,21.88618468,78.97417631,131.808008,61.6748448,44.36206897,58.03754013,315.9171185,8.555601403,152.2843023,60.1942765,73.97346106,1.17938463,0.998702983,0.943144356,1.047869057
14/12/2017,16.59170815,1.01,61.93569845,90.17656311,85.16768666,71.34917835,23.27916965,83.8032057,135.1239327,61.62966176,48.27586207,81.55495184,356.8784766,10.54074685,177.3386628,76.14147521,135.7196922,1.17458356,1.005188067,0.936766484,1.047869057
15/12/2017,17.73651999,1.02,66.47006652,87.25629178,83.77600979,68.02132489,22.35647817,80.18878005,136.6437315,59.14459475,49.48275862,87.64707335,338.3365882,9.637920363,172.2912791,78.94478033,118.7470163,1.185124655,1.007133593,0.941549948,1.054586187
16/12/2017,19.53001513,1.01,66.29046563,91.39186001,85.21542228,69.75180869,23.43020759,89.18165628,149.3547763,60.54526888,62.72413793,110.1526303,351.167857,9.689292346,191.2787791,93.56106409,119.1334799,1.185124655,1.007133593,0.941549948,1.054586187
17/12/2017,19.17281861,1.01,70.66962306,95.07058592,88.124847,89.38614415,25.15175376,98.47907391,155.5721352,61.17783139,78.25862069,93.38404544,480.1855599,11.08273159,199.9497093,107.465135,114.3790829,1.185124655,1.007133593,0.941549948,1.054586187
18/12/2017,19.14617411,1.01,79.45454545,112.0723555,97.26315789,113.280132,27.30923407,103.9287622,175.053193,70.53071995,82.62068966,109.1034823,544.4124054,12.29956674,245.9863372,111.3595324,122.2372802,1.191480315,1.009727626,0.955103177,1.061303241
19/12/2017,17.80643675,1.01,77.66075388,108.1399921,101.2019584,111.8824336,27.0035791,105.666073,165.6580729,71.79584497,79.06896552,114.4166461,499.2209587,12.66577264,274.1168605,106.5336558,124.2551822,1.187631487,1.013618677,0.954305933,1.038912895
20/12/2017,16.65240952,1,69.76053215,111.0892646,100.255814,130.2521847,33.58625626,138.0988424,154.6049905,68.72339849,88.34482759,155.1706594,533.1321691,13.93748711,267.15,101.7275292,121.8536432,1.186648242,1.021400778,0.966264594,1.026035384
21/12/2017,15.82933499,1.01,70.3902439,122.8863547,100.49694,160.8684366,29.9198282,127.7666963,178.6454447,72.42840748,105.3448276,144.9333169,503.1690414,13.44109759,290.1459302,103.6678759,186.8718593,1.189004487,1.02464332,0.963075617,1.022626589
22/12/2017,13.85493775,1.02,58.74279379,105.1907196,82.60220318,129.7862853,24.77523264,104.9875334,137.0582221,56.56916167,82.63793103,121.2178316,391.7767077,11.07241593,237.2607558,87.35066505,179.0201005,1.188459716,1.027885863,0.972642546,1.02944414
23/12/2017,14.72378873,1.05,63.91796009,155.3283523,88.05263158,137.8396906,27.34717251,113.5796972,182.9285142,64.47619306,101.7931034,138.2884663,415.2536996,12.26779451,269.525,94.38895607,183.7311558,1.188459716,1.027885863,0.972642546,1.02944414
24/12/2017,13.94909499,1.02,61.19290466,168.1085332,84.96328029,133.2472529,24.12741589,105.4933215,197.4356849,62.39777338,113.637931,137.8285997,420.8938177,10.98617702,302.3255814,90.46755341,163.3165829,1.188459716,1.027885863,0.972642546,1.02944414
25/12/2017,14.05006361,1.01,60.61862528,168.1085332,93.73684211,158.8051675,25.82534001,104.7097061,211.3902014,64.52137609,115.9827586,152.3845394,467.5657955,11.52960594,293.6046512,92.10439339,175.879397,1.188459716,1.027885863,0.972642546,1.02944414
26/12/2017,16.12673164,1,63.52549889,161.2268974,94.71725826,168.1231572,27.31138153,108.8895815,206.1399873,64.1599118,113.5517241,142.7142504,461.9256773,11.8419641,287.3197674,91.09955663,186.8718593,1.187201871,1.046044034,0.979020578,1.035125401
27/12/2017,15.86499454,1,60.3481153,158.2776249,93.37086903,159.8700806,30.19685039,105.9563669,191.218326,61.35856354,107.2586207,139.9096073,471.5138782,11.43119455,274.5534884,92.39177751,219.8492462,1.188140825,1.048638132,0.974237114,1.038912895
28/12/2017,14.63093366,1.01,55.41685144,167.1254424,90.21052632,153.4140449,27.12240515,103.3455031,196.4685402,57.42763937,98.77586207,126.1126204,461.291164,10.46544254,264.459593,90.10237807,224.5603015,1.190319909,1.055123217,0.975034358,1.044594156
29/12/2017,14.6807168,1.01,54.4345898,167.1254424,92.23867809,151.4173328,27.01288475,102.2217275,209.3177485,61.62966176,107.9655172,143.6082983,521.0059151,11.79905096,308.1395349,130.165659,347.0477387,1.184150268,1.05577179,0.991776483,1.043836603
